group	gene	nseq	alignment_cells	gap_percent_all_cells	max_sequence_gap_percent	total_tree_length	internal_branch_length	treeness	rcv	treeness_rcv	alignment_file	iqtree_file
animals	1003258at2759	3	1323	4.91307634165	5.44217687075	2.3387	0	0	0.182752682419	0	1003258at2759.faa.mafft	1003258at2759.faa.mafft.clipkit.iqtree
animals	100698at2759	3	2418	2.72952853598	3.22580645161	0.7056	0	0	0.0492972374385	0	100698at2759.faa.mafft	100698at2759.faa.mafft.clipkit.iqtree
animals	1010730at2759	3	1734	6.17070357555	8.47750865052	1.9218	0	0	0.116361342457	0	1010730at2759.faa.mafft	1010730at2759.faa.mafft.clipkit.iqtree
animals	1014314at2759	4	1428	7.28291316527	10.6442577031	1.2431	0.1099	0.0884080122275	0.108820792317	0.812418383886	1014314at2759.faa.mafft	1014314at2759.faa.mafft.clipkit.iqtree
animals	1018517at2759	4	1172	3.66894197952	6.48464163823	1.1306	0.009	0.00796037502211	0.0820071538672	0.0970692756269	1018517at2759.faa.mafft	1018517at2759.faa.mafft.clipkit.iqtree
animals	1019762at2759	3	2052	9.89278752437	11.9883040936	1.8329	0	0	0.108316994019	0	1019762at2759.faa.mafft	1019762at2759.faa.mafft.clipkit.iqtree
animals	1038775at2759	3	1149	14.0992167102	23.2375979112	1.2456	0	0	0.134680006694	0	1038775at2759.faa.mafft	1038775at2759.faa.mafft.clipkit.iqtree
animals	1041560at2759	3	1371	3.13639679066	7.00218818381	1.2033	0	0	0.105673915358	0	1041560at2759.faa.mafft	1041560at2759.faa.mafft.clipkit.iqtree
animals	1065019at2759	3	1233	4.62287104623	8.27250608273	1.6238	0	0	0.11347496074	0	1065019at2759.faa.mafft	1065019at2759.faa.mafft.clipkit.iqtree
animals	1079827at2759	3	780	0.128205128205	0.384615384615	0.3702	0	0	0.100145272161	0	1079827at2759.faa.mafft	1079827at2759.faa.mafft.clipkit.iqtree
animals	1094121at2759	3	549	3.27868852459	4.91803278689	1.1286	0	0	0.18469299511	0	1094121at2759.faa.mafft	1094121at2759.faa.mafft.clipkit.iqtree
animals	1096688at2759	3	1449	18.0124223602	26.5010351967	1.0789	0	0	0.126953093466	0	1096688at2759.faa.mafft	1096688at2759.faa.mafft.clipkit.iqtree
animals	1112002at2759	3	2592	6.44290123457	8.21759259259	1.6215	0	0	0.128339126218	0	1112002at2759.faa.mafft	1112002at2759.faa.mafft.clipkit.iqtree
animals	1129824at2759	3	807	9.66542750929	13.7546468401	1.8884	0	0	0.178656073327	0	1129824at2759.faa.mafft	1129824at2759.faa.mafft.clipkit.iqtree
animals	1138059at2759	3	855	0.93567251462	1.05263157895	0.924	0	0	0.0882245900461	0	1138059at2759.faa.mafft	1138059at2759.faa.mafft.clipkit.iqtree
animals	1157302at2759	3	738	0.271002710027	0.406504065041	0.4958	0	0	0.0576286240901	0	1157302at2759.faa.mafft	1157302at2759.faa.mafft.clipkit.iqtree
animals	1161199at2759	3	927	2.04962243797	5.50161812298	1.5342	0	0	0.148731249842	0	1161199at2759.faa.mafft	1161199at2759.faa.mafft.clipkit.iqtree
animals	1173229at2759	4	1784	13.6771300448	17.264573991	2.668	0.0751	0.0281484257871	0.143503693387	0.196151228744	1173229at2759.faa.mafft	1173229at2759.faa.mafft.clipkit.iqtree
animals	1193442at2759	4	1840	5.21739130435	6.95652173913	1.6888	0.0618	0.0365940312648	0.124018745941	0.2950685478	1193442at2759.faa.mafft	1193442at2759.faa.mafft.clipkit.iqtree
animals	1194691at2759	3	1236	3.88349514563	5.58252427184	0.8841	0	0	0.0809033620704	0	1194691at2759.faa.mafft	1194691at2759.faa.mafft.clipkit.iqtree
animals	1200489at2759	3	630	5.2380952381	7.61904761905	1.8951	0	0	0.159152202107	0	1200489at2759.faa.mafft	1200489at2759.faa.mafft.clipkit.iqtree
animals	1217666at2759	3	759	0.790513833992	1.18577075099	0.7089	0	0	0.0960208704051	0	1217666at2759.faa.mafft	1217666at2759.faa.mafft.clipkit.iqtree
animals	1249159at2759	4	820	3.90243902439	4.87804878049	1.6182	0.0498	0.0307749351131	0.125428093458	0.245359187601	1249159at2759.faa.mafft	1249159at2759.faa.mafft.clipkit.iqtree
animals	1251252at2759	3	801	7.36579275905	7.86516853933	1.2312	0	0	0.165967202098	0	1251252at2759.faa.mafft	1251252at2759.faa.mafft.clipkit.iqtree
animals	1260807at2759	3	1398	7.86838340486	14.8068669528	1.6031	0	0	0.101159678573	0	1260807at2759.faa.mafft	1260807at2759.faa.mafft.clipkit.iqtree
animals	1264469at2759	3	870	9.42528735632	20.3448275862	2.2354	0	0	0.149522957192	0	1264469at2759.faa.mafft	1264469at2759.faa.mafft.clipkit.iqtree
animals	1269244at2759	3	765	5.49019607843	5.88235294118	1.7415	0	0	0.129444501363	0	1269244at2759.faa.mafft	1269244at2759.faa.mafft.clipkit.iqtree
animals	1269649at2759	4	1164	13.8316151203	18.9003436426	1.1296	0.055	0.0486898016997	0.122584337381	0.397194313237	1269649at2759.faa.mafft	1269649at2759.faa.mafft.clipkit.iqtree
animals	1284731at2759	3	810	9.13580246914	16.2962962963	1.6079	0	0	0.219782366985	0	1284731at2759.faa.mafft	1284731at2759.faa.mafft.clipkit.iqtree
animals	1287094at2759	3	624	2.5641025641	3.84615384615	1.4694	0	0	0.123049932524	0	1287094at2759.faa.mafft	1287094at2759.faa.mafft.clipkit.iqtree
animals	1287401at2759	3	837	10.1553166069	16.1290322581	0.6084	0	0	0.0963173551196	0	1287401at2759.faa.mafft	1287401at2759.faa.mafft.clipkit.iqtree
animals	1291729at2759	3	660	6.21212121212	12.2727272727	1.9461	0	0	0.129620404351	0	1291729at2759.faa.mafft	1291729at2759.faa.mafft.clipkit.iqtree
animals	1304061at2759	3	591	1.0152284264	1.52284263959	0.6317	0	0	0.0907754121318	0	1304061at2759.faa.mafft	1304061at2759.faa.mafft.clipkit.iqtree
animals	1338131at2759	3	600	1.33333333333	2	0.5758	0	0	0.112650451936	0	1338131at2759.faa.mafft	1338131at2759.faa.mafft.clipkit.iqtree
animals	1342242at2759	4	1512	14.7486772487	25.9259259259	3.3452	0.1518	0.0453784527084	0.181025818409	0.250673926555	1342242at2759.faa.mafft	1342242at2759.faa.mafft.clipkit.iqtree
animals	1346165at2759	3	1296	3.85802469136	5.09259259259	2.1669	0	0	0.142966315769	0	1346165at2759.faa.mafft	1346165at2759.faa.mafft.clipkit.iqtree
animals	1346432at2759	4	1048	2.57633587786	3.43511450382	2.104	0.0866	0.0411596958175	0.110200129123	0.373499524411	1346432at2759.faa.mafft	1346432at2759.faa.mafft.clipkit.iqtree
animals	1355894at2759	3	534	0.936329588015	2.80898876404	0.5804	0	0	0.131925142415	0	1355894at2759.faa.mafft	1355894at2759.faa.mafft.clipkit.iqtree
animals	1358374at2759	3	1302	5.60675883257	13.8248847926	1.3251	0	0	0.076315719052	0	1358374at2759.faa.mafft	1358374at2759.faa.mafft.clipkit.iqtree
animals	1364586at2759	3	756	3.83597883598	7.93650793651	1.7994	0	0	0.153616130411	0	1364586at2759.faa.mafft	1364586at2759.faa.mafft.clipkit.iqtree
animals	1370285at2759	3	2079	6.58970658971	7.35930735931	1.9325	0	0	0.134872086622	0	1370285at2759.faa.mafft	1370285at2759.faa.mafft.clipkit.iqtree
animals	1379600at2759	3	2616	5.9250764526	8.48623853211	1.4372	0	0	0.0722911939769	0	1379600at2759.faa.mafft	1379600at2759.faa.mafft.clipkit.iqtree
animals	1382842at2759	3	561	1.96078431373	3.74331550802	1.3522	0	0	0.151607971608	0	1382842at2759.faa.mafft	1382842at2759.faa.mafft.clipkit.iqtree
animals	1405073at2759	4	720	0	0	0.6776	0.0357	0.0526859504132	0.0993055555556	0.530543836329	1405073at2759.faa.mafft	1405073at2759.faa.mafft.clipkit.iqtree
animals	1421503at2759	3	483	3.31262939959	4.96894409938	0.6528	0	0	0.152707374454	0	1421503at2759.faa.mafft	1421503at2759.faa.mafft.clipkit.iqtree
animals	1423847at2759	3	1146	1.74520069808	2.35602094241	1.0472	0	0	0.102416441587	0	1423847at2759.faa.mafft	1423847at2759.faa.mafft.clipkit.iqtree
animals	1428854at2759	4	4084	9.37806072478	14.5935357493	2.6788	0.0901	0.0336344631925	0.0831343326814	0.404579697793	1428854at2759.faa.mafft	1428854at2759.faa.mafft.clipkit.iqtree
animals	1432328at2759	3	969	3.81836945304	5.57275541796	0.8689	0	0	0.0940066361575	0	1432328at2759.faa.mafft	1432328at2759.faa.mafft.clipkit.iqtree
animals	1434266at2759	3	690	3.04347826087	3.47826086957	2.1433	0	0	0.145515069842	0	1434266at2759.faa.mafft	1434266at2759.faa.mafft.clipkit.iqtree
animals	1441854at2759	3	924	2.27272727273	3.24675324675	1.1213	0	0	0.15188204795	0	1441854at2759.faa.mafft	1441854at2759.faa.mafft.clipkit.iqtree
animals	1445102at2759	3	783	5.36398467433	8.42911877395	0.8103	0	0	0.111234881201	0	1445102at2759.faa.mafft	1445102at2759.faa.mafft.clipkit.iqtree
animals	1455730at2759	3	1653	2.66182698125	2.90381125227	0.6788	0	0	0.0680715939924	0	1455730at2759.faa.mafft	1455730at2759.faa.mafft.clipkit.iqtree
animals	1488235at2759	3	546	3.84615384615	6.04395604396	1.0371	0	0	0.130210070993	0	1488235at2759.faa.mafft	1488235at2759.faa.mafft.clipkit.iqtree
animals	1488436at2759	3	414	5.55555555556	7.97101449275	0.9028	0	0	0.127547089825	0	1488436at2759.faa.mafft	1488436at2759.faa.mafft.clipkit.iqtree
animals	1504863at2759	4	912	3.39912280702	3.94736842105	1.4111	0.0372	0.0263624123025	0.143391244864	0.183849525314	1504863at2759.faa.mafft	1504863at2759.faa.mafft.clipkit.iqtree
animals	1513531at2759	3	867	4.15224913495	7.6124567474	1.4442	0	0	0.111878851633	0	1513531at2759.faa.mafft	1513531at2759.faa.mafft.clipkit.iqtree
animals	1525971at2759	4	612	12.2549019608	22.8758169935	1.7083	0.0434	0.0254053737634	0.200242097833	0.126873290074	1525971at2759.faa.mafft	1525971at2759.faa.mafft.clipkit.iqtree
animals	1526152at2759	3	567	7.05467372134	8.99470899471	1.8777	0	0	0.177612307288	0	1526152at2759.faa.mafft	1526152at2759.faa.mafft.clipkit.iqtree
animals	1538526at2759	3	489	5.11247443763	9.20245398773	1.2617	0	0	0.139878056107	0	1538526at2759.faa.mafft	1538526at2759.faa.mafft.clipkit.iqtree
animals	1545004at2759	3	294	1.36054421769	2.04081632653	0.6267	0	0	0.109245249824	0	1545004at2759.faa.mafft	1545004at2759.faa.mafft.clipkit.iqtree
animals	1552706at2759	3	435	1.14942528736	2.06896551724	0.9741	0	0	0.112612669991	0	1552706at2759.faa.mafft	1552706at2759.faa.mafft.clipkit.iqtree
animals	156083at2759	4	9364	0.320375907732	0.512601452371	0.1884	0.0027	0.0143312101911	0.0157341373519	0.91083545736	156083at2759.faa.mafft	156083at2759.faa.mafft.clipkit.iqtree
animals	1620056at2759	4	756	13.4920634921	20.6349206349	1.8082	0.2036	0.11259816392	0.199281919044	0.565019468199	1620056at2759.faa.mafft	1620056at2759.faa.mafft.clipkit.iqtree
animals	1626636at2759	3	657	6.39269406393	9.13242009132	0.7933	0	0	0.0913803842436	0	1626636at2759.faa.mafft	1626636at2759.faa.mafft.clipkit.iqtree
animals	1633672at2759	3	306	0	0	0.3857	0	0	0.135076252723	0	1633672at2759.faa.mafft	1633672at2759.faa.mafft.clipkit.iqtree
animals	176625at2759	3	3549	6.64976049591	12.5105663567	2.5466	0	0	0.143435068051	0	176625at2759.faa.mafft	176625at2759.faa.mafft.clipkit.iqtree
animals	271586at2759	3	3228	10.873605948	18.029739777	2.9647	0	0	0.083896603927	0	271586at2759.faa.mafft	271586at2759.faa.mafft.clipkit.iqtree
animals	290630at2759	3	2820	2.90780141844	3.29787234043	1.4987	0	0	0.0844465859452	0	290630at2759.faa.mafft	290630at2759.faa.mafft.clipkit.iqtree
animals	296129at2759	3	3174	2.8670447385	3.68620037807	0.9444	0	0	0.0513634862417	0	296129at2759.faa.mafft	296129at2759.faa.mafft.clipkit.iqtree
animals	306227at2759	3	2397	5.88235294118	13.1414267835	1.7592	0	0	0.063606915851	0	306227at2759.faa.mafft	306227at2759.faa.mafft.clipkit.iqtree
animals	320059at2759	3	1659	1.02471368294	1.26582278481	0.3585	0	0	0.0386008244104	0	320059at2759.faa.mafft	320059at2759.faa.mafft.clipkit.iqtree
animals	324863at2759	3	2907	5.22875816993	6.81114551084	2.2541	0	0	0.0933789221666	0	324863at2759.faa.mafft	324863at2759.faa.mafft.clipkit.iqtree
animals	331411at2759	3	2244	3.29768270945	4.14438502674	0.8276	0	0	0.0729388040306	0	331411at2759.faa.mafft	331411at2759.faa.mafft.clipkit.iqtree
animals	341721at2759	4	3348	5.04778972521	7.04898446834	2.9193	0.0502	0.0171959031275	0.0818004384166	0.210217737952	341721at2759.faa.mafft	341721at2759.faa.mafft.clipkit.iqtree
animals	355408at2759	3	2073	0.482392667631	0.723589001447	0.1802	0	0	0.0324951265002	0	355408at2759.faa.mafft	355408at2759.faa.mafft.clipkit.iqtree
animals	390348at2759	3	3090	1.00323624595	1.94174757282	0.3452	0	0	0.0415700955422	0	390348at2759.faa.mafft	390348at2759.faa.mafft.clipkit.iqtree
animals	39650at2759	3	6918	2.97773923099	7.02515177797	1.5605	0	0	0.0557098024587	0	39650at2759.faa.mafft	39650at2759.faa.mafft.clipkit.iqtree
animals	396755at2759	3	3648	4.33114035088	5.42763157895	1.3648	0	0	0.0609366178435	0	396755at2759.faa.mafft	396755at2759.faa.mafft.clipkit.iqtree
animals	418107at2759	3	1353	1.40428677014	1.55210643016	1.0636	0	0	0.0745741412116	0	418107at2759.faa.mafft	418107at2759.faa.mafft.clipkit.iqtree
animals	453044at2759	4	1912	5.49163179916	6.69456066946	2.0966	0.1085	0.0517504531146	0.0925407056309	0.559218267915	453044at2759.faa.mafft	453044at2759.faa.mafft.clipkit.iqtree
animals	491869at2759	3	1419	7.32910500352	9.93657505285	1.973	0	0	0.122825906127	0	491869at2759.faa.mafft	491869at2759.faa.mafft.clipkit.iqtree
animals	570797at2759	4	3612	11.738648948	19.0476190476	4.0325	0.1031	0.025567265964	0.125266823273	0.204102453436	570797at2759.faa.mafft	570797at2759.faa.mafft.clipkit.iqtree
animals	621827at2759	3	1710	5.90643274854	8.77192982456	2.1288	0	0	0.0722481508913	0	621827at2759.faa.mafft	621827at2759.faa.mafft.clipkit.iqtree
animals	664730at2759	4	1852	4.96760259179	11.0151187905	1.069	0.053	0.0495790458372	0.0785270852654	0.631362359492	664730at2759.faa.mafft	664730at2759.faa.mafft.clipkit.iqtree
animals	673132at2759	4	1660	3.55421686747	5.5421686747	1.6281	0.087	0.0534365210982	0.132118437348	0.404459227424	673132at2759.faa.mafft	673132at2759.faa.mafft.clipkit.iqtree
animals	674160at2759	3	8733	5.79411427917	9.41257299897	2.806	0	0	0.0763869923162	0	674160at2759.faa.mafft	674160at2759.faa.mafft.clipkit.iqtree
animals	679771at2759	3	1173	2.98380221654	4.34782608696	2.1159	0	0	0.0741068206177	0	679771at2759.faa.mafft	679771at2759.faa.mafft.clipkit.iqtree
animals	720340at2759	3	1683	6.17944147356	7.8431372549	1.4327	0	0	0.0808493485568	0	720340at2759.faa.mafft	720340at2759.faa.mafft.clipkit.iqtree
animals	721605at2759	4	1744	10.378440367	13.5321100917	2.372	0.0615	0.0259274873524	0.127181599568	0.203861937894	721605at2759.faa.mafft	721605at2759.faa.mafft.clipkit.iqtree
animals	734666at2759	3	1551	1.93423597679	2.51450676983	1.0659	0	0	0.0823155576867	0	734666at2759.faa.mafft	734666at2759.faa.mafft.clipkit.iqtree
animals	777920at2759	3	1794	5.12820512821	11.2040133779	1.526	0	0	0.0709676859927	0	777920at2759.faa.mafft	777920at2759.faa.mafft.clipkit.iqtree
animals	814241at2759	3	1305	2.06896551724	2.29885057471	0.9293	0	0	0.081657723508	0	814241at2759.faa.mafft	814241at2759.faa.mafft.clipkit.iqtree
animals	836599at2759	3	1635	5.01529051988	7.52293577982	1.017	0	0	0.0820517134539	0	836599at2759.faa.mafft	836599at2759.faa.mafft.clipkit.iqtree
animals	866359at2759	3	981	0.407747196738	0.611620795107	0.9158	0	0	0.0592274168175	0	866359at2759.faa.mafft	866359at2759.faa.mafft.clipkit.iqtree
animals	891751at2759	3	1716	10.9557109557	11.8881118881	2.8676	0	0	0.171175436597	0	891751at2759.faa.mafft	891751at2759.faa.mafft.clipkit.iqtree
animals	919955at2759	3	1167	2.22793487575	3.34190231362	1.5697	0	0	0.0832725689187	0	919955at2759.faa.mafft	919955at2759.faa.mafft.clipkit.iqtree
animals	974865at2759	4	1236	1.53721682848	3.88349514563	1.9402	0.1073	0.0553035769508	0.0980333191351	0.564130414422	974865at2759.faa.mafft	974865at2759.faa.mafft.clipkit.iqtree
animals	975158at2759	3	1377	3.7037037037	4.1394335512	0.9939	0	0	0.0864213057302	0	975158at2759.faa.mafft	975158at2759.faa.mafft.clipkit.iqtree
animals	981902at2759	3	1173	1.53452685422	2.04603580563	1.3376	0	0	0.0886345564439	0	981902at2759.faa.mafft	981902at2759.faa.mafft.clipkit.iqtree
animals	996662at2759	4	1812	3.80794701987	4.85651214128	2.9109	0.1221	0.0419457899619	0.0946136068011	0.443337817678	996662at2759.faa.mafft	996662at2759.faa.mafft.clipkit.iqtree
fungi	1001705at2759	4	2384	21.6023489933	33.2214765101	3.3269	0.2287	0.0687426733596	0.151062053088	0.455062485609	1001705at2759.faa.mafft	1001705at2759.faa.mafft.clipkit.iqtree
fungi	1003258at2759	4	4284	46.802054155	62.3716153128	3.3242	0.1726	0.0519222670116	0.209912351258	0.247352129117	1003258at2759.faa.mafft	1003258at2759.faa.mafft.clipkit.iqtree
fungi	100698at2759	4	3816	9.61740041929	15.7232704403	2.0861	0.227	0.108815493025	0.0803375808281	1.35447808988	100698at2759.faa.mafft	100698at2759.faa.mafft.clipkit.iqtree
fungi	1010730at2759	4	2600	30.1923076923	47.0769230769	2.2663	0.1144	0.0504787539161	0.16913941398	0.298444654196	1010730at2759.faa.mafft	1010730at2759.faa.mafft.clipkit.iqtree
fungi	1014314at2759	4	1820	20.7692307692	32.0879120879	3.8112	0.2134	0.0559928631402	0.202028331323	0.277153519873	1014314at2759.faa.mafft	1014314at2759.faa.mafft.clipkit.iqtree
fungi	1018517at2759	4	1380	12.9710144928	17.9710144928	1.8064	0.178	0.0985385296723	0.113305439255	0.869671662014	1018517at2759.faa.mafft	1018517at2759.faa.mafft.clipkit.iqtree
fungi	1019762at2759	4	3672	27.6688453159	40.9586056645	4.806	0.1421	0.0295672076571	0.184780517724	0.160012581528	1019762at2759.faa.mafft	1019762at2759.faa.mafft.clipkit.iqtree
fungi	1025450at2759	4	2376	23.6111111111	32.8282828283	3.0617	0.2461	0.0803801809452	0.16156661564	0.497504887547	1025450at2759.faa.mafft	1025450at2759.faa.mafft.clipkit.iqtree
fungi	1030907at2759	4	1684	19.8337292162	28.0285035629	4.5706	0.1842	0.0403010545661	0.201038989841	0.200463873192	1030907at2759.faa.mafft	1030907at2759.faa.mafft.clipkit.iqtree
fungi	1032689at2759	4	2752	35.5377906977	47.0930232558	3.2558	0.1494	0.0458873395172	0.148233586759	0.309561014616	1032689at2759.faa.mafft	1032689at2759.faa.mafft.clipkit.iqtree
fungi	1038775at2759	3	1152	15.625	21.6145833333	1.6704	0	0	0.152974934454	0	1038775at2759.faa.mafft	1038775at2759.faa.mafft.clipkit.iqtree
fungi	1041560at2759	4	2664	26.7642642643	35.8858858859	2.5046	0.1094	0.0436796294818	0.149173415464	0.292811083972	1041560at2759.faa.mafft	1041560at2759.faa.mafft.clipkit.iqtree
fungi	1049599at2759	3	1653	9.19540229885	13.2486388385	2.5485	0	0	0.172465849661	0	1049599at2759.faa.mafft	1049599at2759.faa.mafft.clipkit.iqtree
fungi	1051021at2759	4	3564	33.3894500561	47.138047138	4.0282	0.4223	0.104835906857	0.186509888053	0.562093023329	1051021at2759.faa.mafft	1051021at2759.faa.mafft.clipkit.iqtree
fungi	1053181at2759	3	1122	15.9536541889	23.7967914439	1.9625	0	0	0.129045310141	0	1053181at2759.faa.mafft	1053181at2759.faa.mafft.clipkit.iqtree
fungi	1057950at2759	4	1580	14.6835443038	21.7721518987	4.2557	0.398	0.0935216298141	0.165123134792	0.566375086884	1057950at2759.faa.mafft	1057950at2759.faa.mafft.clipkit.iqtree
fungi	1065019at2759	4	1720	6.39534883721	8.60465116279	2.2539	0.1547	0.0686365854741	0.144855023421	0.473829514871	1065019at2759.faa.mafft	1065019at2759.faa.mafft.clipkit.iqtree
fungi	1076134at2759	4	1380	15.5072463768	22.3188405797	2.0681	0.1096	0.0529955031188	0.146655008336	0.361361699952	1076134at2759.faa.mafft	1076134at2759.faa.mafft.clipkit.iqtree
fungi	1079130at2759	4	2252	15.3641207815	20.7815275311	1.9602	0.1385	0.0706560555045	0.114420342965	0.617513054704	1079130at2759.faa.mafft	1079130at2759.faa.mafft.clipkit.iqtree
fungi	1079827at2759	4	1056	1.13636363636	1.51515151515	1.1291	0.0914	0.0809494287486	0.0943492777002	0.85797613635	1079827at2759.faa.mafft	1079827at2759.faa.mafft.clipkit.iqtree
fungi	1085752at2759	3	1863	16.4787976382	25.2818035427	4.5684	0	0	0.224553574008	0	1085752at2759.faa.mafft	1085752at2759.faa.mafft.clipkit.iqtree
fungi	1087488at2759	4	2268	20.1058201058	28.7477954145	3.6353	0.2633	0.0724286853905	0.180686574627	0.400852611989	1087488at2759.faa.mafft	1087488at2759.faa.mafft.clipkit.iqtree
fungi	1090038at2759	3	1668	25.7793764988	34.7122302158	2.749	0	0	0.221306413627	0	1090038at2759.faa.mafft	1090038at2759.faa.mafft.clipkit.iqtree
fungi	1094121at2759	4	1004	16.9322709163	30.2788844622	4.1812	0.2696	0.06447909691	0.27989889842	0.230365668725	1094121at2759.faa.mafft	1094121at2759.faa.mafft.clipkit.iqtree
fungi	1096688at2759	4	1924	17.7234927235	23.7006237006	1.9089	0.1607	0.0841846089371	0.126788799312	0.663975125515	1096688at2759.faa.mafft	1096688at2759.faa.mafft.clipkit.iqtree
fungi	1106766at2759	3	2235	15.7494407159	23.2214765101	1.6319	0	0	0.120129274689	0	1106766at2759.faa.mafft	1106766at2759.faa.mafft.clipkit.iqtree
fungi	1107630at2759	4	2080	24.5673076923	38.0769230769	3.2516	0.2448	0.0752860130397	0.180104350949	0.4180132942	1107630at2759.faa.mafft	1107630at2759.faa.mafft.clipkit.iqtree
fungi	1108845at2759	3	1503	6.25415834997	12.7744510978	1.7405	0	0	0.118121172412	0	1108845at2759.faa.mafft	1108845at2759.faa.mafft.clipkit.iqtree
fungi	1111142at2759	3	2400	25.375	43	4.061	0	0	0.178779366563	0	1111142at2759.faa.mafft	1111142at2759.faa.mafft.clipkit.iqtree
fungi	1112002at2759	4	4852	25	35.943940643	2.7029	0.0871	0.0322246476007	0.137075681918	0.23508653869	1112002at2759.faa.mafft	1112002at2759.faa.mafft.clipkit.iqtree
fungi	1115196at2759	4	2264	14.4434628975	24.2049469965	3.1021	0.2512	0.0809774024048	0.152600453656	0.530649814366	1115196at2759.faa.mafft	1115196at2759.faa.mafft.clipkit.iqtree
fungi	1128607at2759	4	1464	5.53278688525	6.8306010929	1.7752	0.092	0.0518251464624	0.135933375938	0.381254023192	1128607at2759.faa.mafft	1128607at2759.faa.mafft.clipkit.iqtree
fungi	1129824at2759	4	1304	22.5460122699	43.5582822086	3.5612	0.3021	0.0848309558576	0.255289236353	0.332293507824	1129824at2759.faa.mafft	1129824at2759.faa.mafft.clipkit.iqtree
fungi	1138059at2759	4	1268	11.7507886435	15.4574132492	1.9559	0.1593	0.0814458816913	0.12516248132	0.650721213196	1138059at2759.faa.mafft	1138059at2759.faa.mafft.clipkit.iqtree
fungi	1157302at2759	4	988	0.708502024291	1.21457489879	0.6982	0.053	0.0759094815239	0.0826748846531	0.918168580972	1157302at2759.faa.mafft	1157302at2759.faa.mafft.clipkit.iqtree
fungi	1161199at2759	4	1432	16.2709497207	19.5530726257	4.4833	0.3852	0.0859188544153	0.230844199258	0.372194123532	1161199at2759.faa.mafft	1161199at2759.faa.mafft.clipkit.iqtree
fungi	1173229at2759	3	1791	25.0697934115	39.5309882747	2.9948	0	0	0.178280003475	0	1173229at2759.faa.mafft	1173229at2759.faa.mafft.clipkit.iqtree
fungi	1178688at2759	4	916	5.45851528384	7.42358078603	3.4052	0.2056	0.060378245037	0.178538762631	0.338180035233	1178688at2759.faa.mafft	1178688at2759.faa.mafft.clipkit.iqtree
fungi	1182451at2759	4	1908	22.5890985325	36.8972746331	3.8749	0.2504	0.064621022478	0.178201346337	0.362629260701	1182451at2759.faa.mafft	1182451at2759.faa.mafft.clipkit.iqtree
fungi	1193442at2759	4	2268	14.5061728395	20.811287478	2.8731	0.1281	0.0445859872611	0.143520472862	0.310659422813	1193442at2759.faa.mafft	1193442at2759.faa.mafft.clipkit.iqtree
fungi	1194691at2759	4	2048	16.50390625	23.4375	2.7833	0.1254	0.0450544317896	0.153787865175	0.292964804071	1194691at2759.faa.mafft	1194691at2759.faa.mafft.clipkit.iqtree
fungi	1194797at2759	4	3304	9.80629539952	12.2276029056	2.85	0.1227	0.0430526315789	0.0989751764385	0.434984135701	1194797at2759.faa.mafft	1194797at2759.faa.mafft.clipkit.iqtree
fungi	1197019at2759	4	1016	15.3543307087	22.8346456693	2.1212	0.1385	0.065293230247	0.168684906803	0.387072154139	1197019at2759.faa.mafft	1197019at2759.faa.mafft.clipkit.iqtree
fungi	1200489at2759	4	1272	25.5503144654	43.0817610063	2.8057	0.1058	0.0377089496382	0.180862924549	0.208494636102	1200489at2759.faa.mafft	1200489at2759.faa.mafft.clipkit.iqtree
fungi	1217666at2759	4	1296	17.8240740741	24.0740740741	2.2571	0.1855	0.0821851047805	0.155942943065	0.527020352222	1217666at2759.faa.mafft	1217666at2759.faa.mafft.clipkit.iqtree
fungi	1220881at2759	4	2056	27.2373540856	42.2178988327	2.8355	0.1194	0.0421089754893	0.195618480816	0.21526072237	1220881at2759.faa.mafft	1220881at2759.faa.mafft.clipkit.iqtree
fungi	1222562at2759	4	2020	31.1881188119	42.9702970297	2.8965	0.3408	0.117659243915	0.186752387008	0.630028059081	1222562at2759.faa.mafft	1222562at2759.faa.mafft.clipkit.iqtree
fungi	1223488at2759	4	1164	24.7422680412	31.2714776632	3.8059	0.3379	0.0887832050238	0.241110119228	0.368226789103	1223488at2759.faa.mafft	1223488at2759.faa.mafft.clipkit.iqtree
fungi	1228942at2759	4	1112	4.4964028777	5.75539568345	2.3163	0.176	0.0759832491473	0.142054813424	0.534886832175	1228942at2759.faa.mafft	1228942at2759.faa.mafft.clipkit.iqtree
fungi	1233814at2759	4	1336	24.7754491018	44.0119760479	2.4572	0.0497	0.0202262738076	0.176512164114	0.114588554897	1233814at2759.faa.mafft	1233814at2759.faa.mafft.clipkit.iqtree
fungi	1236198at2759	4	636	5.81761006289	8.17610062893	1.752	0.0307	0.0175228310502	0.161486679786	0.108509451513	1236198at2759.faa.mafft	1236198at2759.faa.mafft.clipkit.iqtree
fungi	1247641at2759	4	3496	22.2540045767	30.3203661327	4.7409	0.2196	0.0463203189268	0.161216983284	0.287316621259	1247641at2759.faa.mafft	1247641at2759.faa.mafft.clipkit.iqtree
fungi	1248958at2759	4	4052	4.36821322804	5.33070088845	3.3875	0.1342	0.0396162361624	0.120310124065	0.32928430978	1248958at2759.faa.mafft	1248958at2759.faa.mafft.clipkit.iqtree
fungi	1249159at2759	4	992	14.8185483871	18.5483870968	3.5316	0.3723	0.105419639823	0.201949533765	0.522009820266	1249159at2759.faa.mafft	1249159at2759.faa.mafft.clipkit.iqtree
fungi	1251252at2759	4	1792	37.2209821429	51.7857142857	3.6436	0.2147	0.0589252387748	0.251762227462	0.234051149646	1251252at2759.faa.mafft	1251252at2759.faa.mafft.clipkit.iqtree
fungi	1257440at2759	4	920	15.652173913	21.3043478261	2.4078	0.126	0.0523299277349	0.16356449796	0.319934511385	1257440at2759.faa.mafft	1257440at2759.faa.mafft.clipkit.iqtree
fungi	1258856at2759	4	4216	17.0066413662	24.2884250474	4.5913	0.3343	0.0728116219807	0.165009993433	0.441255832243	1258856at2759.faa.mafft	1258856at2759.faa.mafft.clipkit.iqtree
fungi	1259741at2759	4	2096	23.9026717557	27.4809160305	3.3458	0.2174	0.0649769860721	0.136406835524	0.476346994067	1259741at2759.faa.mafft	1259741at2759.faa.mafft.clipkit.iqtree
fungi	1260807at2759	4	6500	55.5846153846	76.1846153846	2.502	0.1296	0.0517985611511	0.19734669152	0.262474940685	1260807at2759.faa.mafft	1260807at2759.faa.mafft.clipkit.iqtree
fungi	1264469at2759	4	1676	21.062052506	35.0835322196	3.4174	0.1902	0.0556563469304	0.190649974514	0.291929474799	1264469at2759.faa.mafft	1264469at2759.faa.mafft.clipkit.iqtree
fungi	1266231at2759	3	1188	15.8249158249	36.3636363636	1.3116	0	0	0.166704616978	0	1266231at2759.faa.mafft	1266231at2759.faa.mafft.clipkit.iqtree
fungi	1269244at2759	4	1280	21.40625	32.8125	5.2447	0.4776	0.0910633592007	0.17705819339	0.514313161437	1269244at2759.faa.mafft	1269244at2759.faa.mafft.clipkit.iqtree
fungi	1269649at2759	4	1280	15.234375	24.6875	1.8139	0.1288	0.0710072220078	0.14704447779	0.482896216675	1269649at2759.faa.mafft	1269649at2759.faa.mafft.clipkit.iqtree
fungi	1275837at2759	4	1456	7.69230769231	10.989010989	1.7046	0.1859	0.109057843482	0.135030996129	0.807650440336	1275837at2759.faa.mafft	1275837at2759.faa.mafft.clipkit.iqtree
fungi	1284731at2759	4	1236	18.7702265372	22.3300970874	3.0694	0.1884	0.0613800742816	0.222951796953	0.27530647934	1284731at2759.faa.mafft	1284731at2759.faa.mafft.clipkit.iqtree
fungi	1287094at2759	4	976	10.2459016393	12.2950819672	3.5656	0.223	0.062542068656	0.210408783562	0.297240769122	1287094at2759.faa.mafft	1287094at2759.faa.mafft.clipkit.iqtree
fungi	1287401at2759	3	1122	16.3992869875	19.7860962567	1.3711	0	0	0.177352507207	0	1287401at2759.faa.mafft	1287401at2759.faa.mafft.clipkit.iqtree
fungi	1291729at2759	4	932	14.9141630901	28.7553648069	2.843	0.151	0.0531129088991	0.234672238379	0.226328044876	1291729at2759.faa.mafft	1291729at2759.faa.mafft.clipkit.iqtree
fungi	1304061at2759	4	1128	19.6808510638	30.1418439716	2.0813	0.0561	0.026954307404	0.194208132011	0.138790827783	1304061at2759.faa.mafft	1304061at2759.faa.mafft.clipkit.iqtree
fungi	1309031at2759	4	4212	28.6087369421	39.4112060779	3.2278	0.2158	0.0668566825702	0.207582194578	0.32207330068	1309031at2759.faa.mafft	1309031at2759.faa.mafft.clipkit.iqtree
fungi	1312453at2759	4	8372	21.094123268	30.530339226	4.066	0.2226	0.0547466797836	0.154715068713	0.353854865199	1312453at2759.faa.mafft	1312453at2759.faa.mafft.clipkit.iqtree
fungi	1314980at2759	3	3330	19.2792792793	28.1981981982	2.6806	0	0	0.173314149744	0	1314980at2759.faa.mafft	1314980at2759.faa.mafft.clipkit.iqtree
fungi	1322299at2759	4	2888	24.8961218837	35.0415512465	3.4311	0.136	0.039637434059	0.206060819461	0.192357936666	1322299at2759.faa.mafft	1322299at2759.faa.mafft.clipkit.iqtree
fungi	1322642at2759	3	2724	35.6828193833	60.9030837004	1.7299	0	0	0.216041940858	0	1322642at2759.faa.mafft	1322642at2759.faa.mafft.clipkit.iqtree
fungi	1323575at2759	4	944	23.4110169492	36.4406779661	2.7846	0.1619	0.0581412052	0.198626389278	0.292716418052	1323575at2759.faa.mafft	1323575at2759.faa.mafft.clipkit.iqtree
fungi	1324510at2759	4	2640	20.8333333333	28.9393939394	3.7251	0.2506	0.0672733617889	0.168202930742	0.399953564971	1324510at2759.faa.mafft	1324510at2759.faa.mafft.clipkit.iqtree
fungi	1338131at2759	4	812	4.31034482759	6.89655172414	1.7548	0.0712	0.0405744244358	0.144762643459	0.280282422774	1338131at2759.faa.mafft	1338131at2759.faa.mafft.clipkit.iqtree
fungi	1339553at2759	4	2236	20.572450805	29.5169946333	7.5683	0.2316	0.0306013239433	0.182759998391	0.167439944259	1339553at2759.faa.mafft	1339553at2759.faa.mafft.clipkit.iqtree
fungi	1342242at2759	4	2196	24.2258652095	40.8014571949	4.4204	0.226	0.0511265948783	0.192417439676	0.265706658213	1342242at2759.faa.mafft	1342242at2759.faa.mafft.clipkit.iqtree
fungi	1346165at2759	4	2456	21.3762214984	33.3876221498	3.0214	0.1647	0.0545111537698	0.128870014337	0.422993308803	1346165at2759.faa.mafft	1346165at2759.faa.mafft.clipkit.iqtree
fungi	1346432at2759	4	1460	23.2191780822	31.7808219178	3.5025	0.4382	0.125110635261	0.209959311033	0.595880385801	1346432at2759.faa.mafft	1346432at2759.faa.mafft.clipkit.iqtree
fungi	1348942at2759	4	1928	21.2136929461	32.9875518672	3.7713	0.2843	0.0753851457057	0.229184895147	0.3289271994	1348942at2759.faa.mafft	1348942at2759.faa.mafft.clipkit.iqtree
fungi	1355894at2759	4	856	11.0981308411	15.8878504673	2.8445	0.2603	0.0915099314467	0.19527310464	0.468625372733	1355894at2759.faa.mafft	1355894at2759.faa.mafft.clipkit.iqtree
fungi	1358374at2759	4	1604	16.3965087282	27.1820448878	2.0416	0.0631	0.0309071316614	0.132764210228	0.232797164299	1358374at2759.faa.mafft	1358374at2759.faa.mafft.clipkit.iqtree
fungi	1364586at2759	3	1092	20.4212454212	30.2197802198	2.5233	0	0	0.134652414817	0	1364586at2759.faa.mafft	1364586at2759.faa.mafft.clipkit.iqtree
fungi	1370285at2759	4	3820	21.4397905759	29.3193717277	5.7763	0.2559	0.0443017156311	0.205093296358	0.216007623934	1370285at2759.faa.mafft	1370285at2759.faa.mafft.clipkit.iqtree
fungi	1370304at2759	4	4500	27.3777777778	37.0666666667	3.9753	0.2362	0.0594168993535	0.197571497692	0.300736189418	1370304at2759.faa.mafft	1370304at2759.faa.mafft.clipkit.iqtree
fungi	1377237at2759	3	1878	36.9009584665	59.7444089457	2.7935	0	0	0.28413654811	0	1377237at2759.faa.mafft	1377237at2759.faa.mafft.clipkit.iqtree
fungi	1379600at2759	4	4344	21.6850828729	30.3867403315	4.9892	0.1657	0.0332117373527	0.175017623117	0.189762246574	1379600at2759.faa.mafft	1379600at2759.faa.mafft.clipkit.iqtree
fungi	1380409at2759	3	660	6.36363636364	6.81818181818	2.7568	0	0	0.139417030466	0	1380409at2759.faa.mafft	1380409at2759.faa.mafft.clipkit.iqtree
fungi	1382842at2759	3	966	27.6397515528	43.1677018634	2.8343	0	0	0.265478045987	0	1382842at2759.faa.mafft	1382842at2759.faa.mafft.clipkit.iqtree
fungi	1395649at2759	3	885	26.5536723164	39.6610169492	2.7336	0	0	0.20173656642	0	1395649at2759.faa.mafft	1395649at2759.faa.mafft.clipkit.iqtree
fungi	1398309at2759	4	744	10.8870967742	15.5913978495	2.567	0.1946	0.0758083365797	0.209162859525	0.362436891291	1398309at2759.faa.mafft	1398309at2759.faa.mafft.clipkit.iqtree
fungi	1404162at2759	4	3704	30.0485961123	46.1123110151	4.5209	0.2076	0.045920060165	0.200770488134	0.228719173779	1404162at2759.faa.mafft	1404162at2759.faa.mafft.clipkit.iqtree
fungi	1405073at2759	4	736	1.63043478261	2.17391304348	1.0934	0.1218	0.111395646607	0.129066409041	0.863087827689	1405073at2759.faa.mafft	1405073at2759.faa.mafft.clipkit.iqtree
fungi	1405146at2759	4	1064	15.7894736842	19.9248120301	4.9662	0.4219	0.0849542910072	0.18537745269	0.45827736747	1405146at2759.faa.mafft	1405146at2759.faa.mafft.clipkit.iqtree
fungi	1407446at2759	4	836	12.9186602871	19.6172248804	5.0999	0.0283	0.00554912841428	0.251956996699	0.022024109221	1407446at2759.faa.mafft	1407446at2759.faa.mafft.clipkit.iqtree
fungi	1421503at2759	4	1200	29	39.3333333333	2.0538	0.0879	0.0427987145779	0.20880699825	0.204967816867	1421503at2759.faa.mafft	1421503at2759.faa.mafft.clipkit.iqtree
fungi	1423847at2759	4	1836	15.3050108932	20.9150326797	2.7277	0.2135	0.0782710708656	0.18377384079	0.425909751514	1423847at2759.faa.mafft	1423847at2759.faa.mafft.clipkit.iqtree
fungi	142542at2759	3	6102	27.482792527	42.3795476893	3.0005	0	0	0.14944772247	0	142542at2759.faa.mafft	142542at2759.faa.mafft.clipkit.iqtree
fungi	1426075at2759	4	1280	42.1875	57.5	2.6596	0.1436	0.0539930816664	0.241688071749	0.223399861134	1426075at2759.faa.mafft	1426075at2759.faa.mafft.clipkit.iqtree
fungi	1428265at2759	4	1844	25.4338394794	38.6117136659	4.6332	0.8243	0.177911594578	0.198611023163	0.895779054681	1428265at2759.faa.mafft	1428265at2759.faa.mafft.clipkit.iqtree
fungi	1428854at2759	4	3896	12.6026694045	15.0924024641	3.5369	0.2449	0.0692414261076	0.125444993064	0.551966438968	1428854at2759.faa.mafft	1428854at2759.faa.mafft.clipkit.iqtree
fungi	1430056at2759	4	1012	15.3162055336	23.7154150198	3.0962	0.2534	0.0818422582521	0.204239336634	0.400717411254	1430056at2759.faa.mafft	1430056at2759.faa.mafft.clipkit.iqtree
fungi	1432328at2759	4	1800	23.8888888889	38.8888888889	3.1318	0.2415	0.0771122038444	0.155312556007	0.496496908085	1432328at2759.faa.mafft	1432328at2759.faa.mafft.clipkit.iqtree
fungi	1434266at2759	4	1572	31.2977099237	45.5470737913	4.0686	0.2238	0.0550066361894	0.189181319145	0.290761458045	1434266at2759.faa.mafft	1434266at2759.faa.mafft.clipkit.iqtree
fungi	1440961at2759	4	2324	32.6592082616	44.4061962134	3.9209	0.1907	0.0486367925731	0.231759747039	0.209858671295	1440961at2759.faa.mafft	1440961at2759.faa.mafft.clipkit.iqtree
fungi	1441854at2759	4	1560	14.9358974359	18.4615384615	2.6324	0.2029	0.0770779516791	0.153666786997	0.501591483659	1441854at2759.faa.mafft	1441854at2759.faa.mafft.clipkit.iqtree
fungi	1442062at2759	4	3136	34.8533163265	53.3163265306	3.7406	0.4591	0.122734320697	0.204541289467	0.600046675255	1442062at2759.faa.mafft	1442062at2759.faa.mafft.clipkit.iqtree
fungi	1445102at2759	4	1212	14.1089108911	22.1122112211	2.867	1.5755	0.54952912452	0.184028475696	2.98610920098	1445102at2759.faa.mafft	1445102at2759.faa.mafft.clipkit.iqtree
fungi	1450538at2759	4	2292	27.0506108202	42.4083769634	3.2237	0.2188	0.0678723206254	0.258954637455	0.262101197694	1450538at2759.faa.mafft	1450538at2759.faa.mafft.clipkit.iqtree
fungi	1454155at2759	4	1820	22.967032967	30.1098901099	4.1615	0.2354	0.0565661420161	0.225485625373	0.250863627881	1454155at2759.faa.mafft	1454155at2759.faa.mafft.clipkit.iqtree
fungi	1455730at2759	3	1935	9.7157622739	13.6434108527	1.4069	0	0	0.0927493104342	0	1455730at2759.faa.mafft	1455730at2759.faa.mafft.clipkit.iqtree
fungi	1459797at2759	4	560	7.5	12.1428571429	3.4726	0.2246	0.0646777630594	0.201701584558	0.320660659168	1459797at2759.faa.mafft	1459797at2759.faa.mafft.clipkit.iqtree
fungi	1474000at2759	4	1920	29.1666666667	43.125	2.6511	0.1171	0.0441703443853	0.22978116403	0.192227872862	1474000at2759.faa.mafft	1474000at2759.faa.mafft.clipkit.iqtree
fungi	1488235at2759	4	936	18.9102564103	25.2136752137	2.6462	0.24	0.09069609251	0.186686150458	0.485821215379	1488235at2759.faa.mafft	1488235at2759.faa.mafft.clipkit.iqtree
fungi	1488436at2759	4	652	8.74233128834	15.3374233129	3.7242	0.3019	0.0810643896676	0.18846697841	0.430125162252	1488436at2759.faa.mafft	1488436at2759.faa.mafft.clipkit.iqtree
fungi	1490022at2759	4	944	15.0423728814	20.7627118644	2.7118	0.1641	0.0605133121912	0.191443863202	0.316089067464	1490022at2759.faa.mafft	1490022at2759.faa.mafft.clipkit.iqtree
fungi	1504863at2759	4	920	29.0217391304	42.6086956522	2.7196	0.0795	0.0292322400353	0.207813736329	0.14066558136	1504863at2759.faa.mafft	1504863at2759.faa.mafft.clipkit.iqtree
fungi	1513531at2759	4	1480	29.5945945946	41.3513513514	4.6605	0.0004	8.58277008905e-05	0.193125999811	0.000444412978959	1513531at2759.faa.mafft	1513531at2759.faa.mafft.clipkit.iqtree
fungi	1525971at2759	4	760	20	30.5263157895	3.6397	0.3933	0.108058356458	0.253261877001	0.42666649137	1525971at2759.faa.mafft	1525971at2759.faa.mafft.clipkit.iqtree
fungi	1530008at2759	4	948	10.7594936709	18.1434599156	1.2178	0.0744	0.061093775661	0.146004674089	0.41843712225	1530008at2759.faa.mafft	1530008at2759.faa.mafft.clipkit.iqtree
fungi	1538526at2759	4	1024	24.70703125	39.84375	2.1139	0.1735	0.0820757840957	0.18073857462	0.454113264245	1538526at2759.faa.mafft	1538526at2759.faa.mafft.clipkit.iqtree
fungi	1552706at2759	4	1872	35.1495726496	57.4786324786	3.2964	0.3338	0.101261982769	0.230170246296	0.439943843301	1552706at2759.faa.mafft	1552706at2759.faa.mafft.clipkit.iqtree
fungi	1558822at2759	3	327	15.5963302752	26.6055045872	1.1013	0	0	0.221206451008	0	1558822at2759.faa.mafft	1558822at2759.faa.mafft.clipkit.iqtree
fungi	156083at2759	3	7320	2.32240437158	3.15573770492	0.8477	0	0	0.0466811018945	0	156083at2759.faa.mafft	156083at2759.faa.mafft.clipkit.iqtree
fungi	1567796at2759	4	2280	50.3070175439	70.350877193	2.2585	0.1828	0.0809386761125	0.20589219576	0.393111918661	1567796at2759.faa.mafft	1567796at2759.faa.mafft.clipkit.iqtree
fungi	1575179at2759	4	820	39.0243902439	56.5853658537	4.0482	0.5232	0.129242626352	0.318681065897	0.405554769903	1575179at2759.faa.mafft	1575179at2759.faa.mafft.clipkit.iqtree
fungi	1576404at2759	4	1232	21.5097402597	43.1818181818	2.9553	0.3797	0.128481034074	0.27067486941	0.474669238244	1576404at2759.faa.mafft	1576404at2759.faa.mafft.clipkit.iqtree
fungi	1588798at2759	4	1816	27.6431718062	36.563876652	3.4246	0.2359	0.0688839572505	0.219209136369	0.314238532169	1588798at2759.faa.mafft	1588798at2759.faa.mafft.clipkit.iqtree
fungi	1593937at2759	4	2168	14.0221402214	16.9741697417	4.797	0.106	0.0220971440484	0.181690168583	0.121619921544	1593937at2759.faa.mafft	1593937at2759.faa.mafft.clipkit.iqtree
fungi	160593at2759	4	11872	9.92250673854	10.3773584906	4.0853	0.1814	0.0444031038112	0.11868024597	0.374140645297	160593at2759.faa.mafft	160593at2759.faa.mafft.clipkit.iqtree
fungi	1617752at2759	4	480	12.2916666667	21.6666666667	3.8078	0.3526	0.0925994012291	0.225018647475	0.411518788634	1617752at2759.faa.mafft	1617752at2759.faa.mafft.clipkit.iqtree
fungi	1620056at2759	4	640	10.3125	13.75	3.3006	0.1906	0.0577470762892	0.245686534977	0.235043716557	1620056at2759.faa.mafft	1620056at2759.faa.mafft.clipkit.iqtree
fungi	1623701at2759	4	852	11.7370892019	15.9624413146	4.1449	0.4995	0.120509541847	0.202086629002	0.596326152017	1623701at2759.faa.mafft	1623701at2759.faa.mafft.clipkit.iqtree
fungi	1626636at2759	3	783	15.4533844189	33.3333333333	2.1241	0	0	0.219817259886	0	1626636at2759.faa.mafft	1626636at2759.faa.mafft.clipkit.iqtree
fungi	1633672at2759	4	472	17.5847457627	24.5762711864	1.437	0.1181	0.0821851078636	0.222169608433	0.369920568539	1633672at2759.faa.mafft	1633672at2759.faa.mafft.clipkit.iqtree
fungi	1645187at2759	4	684	16.5204678363	23.3918128655	2.3385	0.1162	0.0496899722044	0.266162052984	0.186690670768	1645187at2759.faa.mafft	1645187at2759.faa.mafft.clipkit.iqtree
fungi	166920at2759	4	5944	15.9825033647	22.0726783311	3.0909	0.1156	0.0374001100003	0.152407417119	0.245395602834	166920at2759.faa.mafft	166920at2759.faa.mafft.clipkit.iqtree
fungi	176625at2759	4	6040	19.4701986755	27.3509933775	4.1953	0.1172	0.0279360236455	0.151794742544	0.184038150316	176625at2759.faa.mafft	176625at2759.faa.mafft.clipkit.iqtree
fungi	179362at2759	4	5536	5.70809248555	7.15317919075	5.151	0.2685	0.0521258008154	0.122778033557	0.424553149332	179362at2759.faa.mafft	179362at2759.faa.mafft.clipkit.iqtree
fungi	245208at2759	4	5088	9.96462264151	23.6635220126	2.0895	0.0642	0.0307250538406	0.101509474719	0.302681635636	245208at2759.faa.mafft	245208at2759.faa.mafft.clipkit.iqtree
fungi	257318at2759	4	3332	15.1860744298	21.7286914766	3.8708	0.1223	0.0315955358066	0.17524370395	0.180294841381	257318at2759.faa.mafft	257318at2759.faa.mafft.clipkit.iqtree
fungi	261328at2759	3	4647	26.7484398537	37.8954163977	2.6483	0	0	0.117988098602	0	261328at2759.faa.mafft	261328at2759.faa.mafft.clipkit.iqtree
fungi	261419at2759	3	4689	24.7600767754	32.6935380678	2.8439	0	0	0.160562568234	0	261419at2759.faa.mafft	261419at2759.faa.mafft.clipkit.iqtree
fungi	270107at2759	4	4720	16.1016949153	22.1186440678	3.3723	0.1334	0.0395575719835	0.141545292087	0.279469358538	270107at2759.faa.mafft	270107at2759.faa.mafft.clipkit.iqtree
fungi	271586at2759	4	5800	23.1551724138	30.6206896552	4.9254	0.2337	0.0474479230113	0.139140969272	0.341006126805	271586at2759.faa.mafft	271586at2759.faa.mafft.clipkit.iqtree
fungi	290630at2759	4	3840	6.84895833333	11.0416666667	1.9316	0.0731	0.0378442741768	0.108291707845	0.349466038814	290630at2759.faa.mafft	290630at2759.faa.mafft.clipkit.iqtree
fungi	293315at2759	4	7008	14.1124429224	19.8059360731	3.3743	0.1144	0.0339033280977	0.112984587312	0.300070380433	293315at2759.faa.mafft	293315at2759.faa.mafft.clipkit.iqtree
fungi	296129at2759	4	4792	9.55759599332	13.7729549249	1.6858	0.0856	0.0507770791316	0.10377215093	0.489313160384	296129at2759.faa.mafft	296129at2759.faa.mafft.clipkit.iqtree
fungi	299766at2759	4	6932	31.4050778996	46.0473167917	4.7687	0.1544	0.0323777968838	0.170184395632	0.190251266949	299766at2759.faa.mafft	299766at2759.faa.mafft.clipkit.iqtree
fungi	306227at2759	3	3435	17.7001455604	29.1703056769	2.5664	0	0	0.163766166737	0	306227at2759.faa.mafft	306227at2759.faa.mafft.clipkit.iqtree
fungi	320059at2759	4	2356	5.00848896435	7.64006791171	0.8498	0.0344	0.0404801129678	0.0747076895673	0.541846672039	320059at2759.faa.mafft	320059at2759.faa.mafft.clipkit.iqtree
fungi	324863at2759	4	4888	19.5990180033	28.232405892	3.5688	0.138	0.0386684599866	0.129615204414	0.298332747005	324863at2759.faa.mafft	324863at2759.faa.mafft.clipkit.iqtree
fungi	325552at2759	4	2632	7.48480243161	9.57446808511	2.6612	0.1334	0.0501277619119	0.140912784878	0.355736081402	325552at2759.faa.mafft	325552at2759.faa.mafft.clipkit.iqtree
fungi	330169at2759	4	2800	17.5714285714	22	4.8463	0.2969	0.0612632317438	0.195140989321	0.313943431141	330169at2759.faa.mafft	330169at2759.faa.mafft.clipkit.iqtree
fungi	331411at2759	4	4936	28.6466774716	45.1377633712	3.9485	0.1511	0.0382676965936	0.228410500236	0.167539130443	331411at2759.faa.mafft	331411at2759.faa.mafft.clipkit.iqtree
fungi	341721at2759	4	4544	30.5017605634	41.6373239437	4.2357	0.2002	0.0472649148901	0.164134924255	0.287963790185	341721at2759.faa.mafft	341721at2759.faa.mafft.clipkit.iqtree
fungi	345441at2759	3	1755	5.24216524217	6.49572649573	1.5775	0	0	0.10379817188	0	345441at2759.faa.mafft	345441at2759.faa.mafft.clipkit.iqtree
fungi	355408at2759	4	3196	11.2327909887	15.6445556946	2.6164	0.1306	0.0499159149977	0.138484885712	0.36044305298	355408at2759.faa.mafft	355408at2759.faa.mafft.clipkit.iqtree
fungi	369837at2759	4	3520	16.0227272727	22.9545454545	2.9742	0.1415	0.0475758187076	0.12592610929	0.377807421955	369837at2759.faa.mafft	369837at2759.faa.mafft.clipkit.iqtree
fungi	375960at2759	4	3616	23.5066371681	34.2920353982	3.1651	0.1267	0.0400303307952	0.182810166284	0.218972126163	375960at2759.faa.mafft	375960at2759.faa.mafft.clipkit.iqtree
fungi	383503at2759	4	2424	13.8613861386	18.8118811881	4.1218	0.2489	0.0603862390218	0.150876144705	0.400237155714	383503at2759.faa.mafft	383503at2759.faa.mafft.clipkit.iqtree
fungi	388820at2759	4	5032	20.2702702703	28.2988871224	3.0776	0.1424	0.0462698206395	0.109459988198	0.422709899764	388820at2759.faa.mafft	388820at2759.faa.mafft.clipkit.iqtree
fungi	390348at2759	4	4632	8.37651122625	10.9671848014	2.3067	0.1305	0.0565743269606	0.100037619279	0.565530521101	390348at2759.faa.mafft	390348at2759.faa.mafft.clipkit.iqtree
fungi	392369at2759	4	2240	4.01785714286	6.25	1.4443	0.0706	0.048881811258	0.0875069953694	0.558604612714	392369at2759.faa.mafft	392369at2759.faa.mafft.clipkit.iqtree
fungi	39650at2759	4	9804	8.35373317013	10.2815177479	2.9087	0.1343	0.0461718293396	0.0978691314417	0.471771115769	39650at2759.faa.mafft	39650at2759.faa.mafft.clipkit.iqtree
fungi	396755at2759	4	6252	22.6487523992	33.525271913	3.9673	0.2145	0.0540669977062	0.161419953058	0.334946186529	396755at2759.faa.mafft	396755at2759.faa.mafft.clipkit.iqtree
fungi	418107at2759	4	2124	11.8173258004	17.8907721281	2.2074	0.1702	0.0771042855849	0.134044437305	0.575214362751	418107at2759.faa.mafft	418107at2759.faa.mafft.clipkit.iqtree
fungi	426305at2759	4	3700	16.2432432432	22.2702702703	2.3353	0.1082	0.0463323769965	0.105045442345	0.441069845222	426305at2759.faa.mafft	426305at2759.faa.mafft.clipkit.iqtree
fungi	450058at2759	4	4940	35.6680161943	55.4655870445	6.0895	0.4628	0.0759996715658	0.225322274322	0.33729320279	450058at2759.faa.mafft	450058at2759.faa.mafft.clipkit.iqtree
fungi	453044at2759	4	2260	14.6017699115	19.4690265487	2.5833	0.1884	0.07292997329	0.1070834229	0.681057546675	453044at2759.faa.mafft	453044at2759.faa.mafft.clipkit.iqtree
fungi	457861at2759	4	2228	35.9964093357	53.1418312388	3.3667	0.2135	0.0634152137108	0.234153088723	0.270828004263	457861at2759.faa.mafft	457861at2759.faa.mafft.clipkit.iqtree
fungi	464990at2759	4	3048	16.8963254593	24.4094488189	2.4538	0.0927	0.0377781400277	0.12557956674	0.300830310285	464990at2759.faa.mafft	464990at2759.faa.mafft.clipkit.iqtree
fungi	513979at2759	4	3384	19.9172576832	32.1513002364	3.7967	0.1867	0.0491742829299	0.167046311526	0.294375149506	513979at2759.faa.mafft	513979at2759.faa.mafft.clipkit.iqtree
fungi	543764at2759	4	3004	29.3608521971	38.482023968	3.7541	0.2059	0.0548467009403	0.173332402012	0.316424974809	543764at2759.faa.mafft	543764at2759.faa.mafft.clipkit.iqtree
fungi	549762at2759	3	2316	12.0034542314	18.3937823834	2.1687	0	0	0.131672796088	0	549762at2759.faa.mafft	549762at2759.faa.mafft.clipkit.iqtree
fungi	551907at2759	4	5260	20.8935361217	34.6007604563	3.7379	0.1717	0.0459348832232	0.142667309038	0.321972030825	551907at2759.faa.mafft	551907at2759.faa.mafft.clipkit.iqtree
fungi	570797at2759	4	4932	30.0486618005	44.7688564477	5.2926	0.3114	0.0588368665684	0.202007681465	0.291260540895	570797at2759.faa.mafft	570797at2759.faa.mafft.clipkit.iqtree
fungi	582756at2759	4	2876	16.7246175243	26.7037552156	5.2073	0.4092	0.0785819906669	0.229219921597	0.342823564895	582756at2759.faa.mafft	582756at2759.faa.mafft.clipkit.iqtree
fungi	598949at2759	4	4744	21.5008431703	30.4384485666	4.5858	0.227	0.0495006323869	0.156701764314	0.315890715102	598949at2759.faa.mafft	598949at2759.faa.mafft.clipkit.iqtree
fungi	604979at2759	3	2004	19.6606786427	30.3892215569	1.6786	0	0	0.151790228585	0	604979at2759.faa.mafft	604979at2759.faa.mafft.clipkit.iqtree
fungi	621827at2759	4	2444	12.5204582651	19.1489361702	2.7323	0.1155	0.0422720784687	0.124495182246	0.33954790624	621827at2759.faa.mafft	621827at2759.faa.mafft.clipkit.iqtree
fungi	625387at2759	3	4671	36.9942196532	55.1701991008	3.6309	0	0	0.191061739523	0	625387at2759.faa.mafft	625387at2759.faa.mafft.clipkit.iqtree
fungi	655400at2759	4	3812	37.40818468	49.7376705142	3.7831	0.276	0.0729560413418	0.171244859656	0.426033467447	655400at2759.faa.mafft	655400at2759.faa.mafft.clipkit.iqtree
fungi	664730at2759	4	2156	6.40074211503	7.79220779221	1.6838	0.0735	0.0436512649958	0.0823248277426	0.530232084206	664730at2759.faa.mafft	664730at2759.faa.mafft.clipkit.iqtree
fungi	671536at2759	4	2432	15.7894736842	22.2039473684	2.6888	0.1364	0.0507289497173	0.125484365257	0.404265101979	671536at2759.faa.mafft	671536at2759.faa.mafft.clipkit.iqtree
fungi	671846at2759	4	4164	19.9327569645	30.2593659942	5.4661	0.3182	0.058213351384	0.143443580558	0.405827511818	671846at2759.faa.mafft	671846at2759.faa.mafft.clipkit.iqtree
fungi	673132at2759	4	2008	14.4422310757	22.9083665339	1.9218	0.0939	0.0488604433344	0.141627071137	0.344993672059	673132at2759.faa.mafft	673132at2759.faa.mafft.clipkit.iqtree
fungi	674160at2759	4	12952	17.572575664	23.0080296479	4.5146	0.1052	0.023302175165	0.135995793569	0.171344822906	674160at2759.faa.mafft	674160at2759.faa.mafft.clipkit.iqtree
fungi	674169at2759	4	4524	33.7312113174	46.4190981432	5.0303	0.2457	0.0488440053277	0.188216526041	0.259509652819	674169at2759.faa.mafft	674169at2759.faa.mafft.clipkit.iqtree
fungi	679187at2759	3	3480	21.6666666667	32.4137931034	2.3928	0	0	0.137959029016	0	679187at2759.faa.mafft	679187at2759.faa.mafft.clipkit.iqtree
fungi	679771at2759	3	1443	11.5038115038	16.4241164241	2.4505	0	0	0.137938210911	0	679771at2759.faa.mafft	679771at2759.faa.mafft.clipkit.iqtree
fungi	687505at2759	4	1908	15.251572327	20.964360587	2.7183	0.2189	0.0805282713461	0.162441108687	0.495738252448	687505at2759.faa.mafft	687505at2759.faa.mafft.clipkit.iqtree
fungi	692986at2759	4	4188	21.6571155683	29.7994269341	5.1461	0.4585	0.0890965974233	0.194244500285	0.458682728689	692986at2759.faa.mafft	692986at2759.faa.mafft.clipkit.iqtree
fungi	708105at2759	4	2212	22.7848101266	32.3688969259	4.7057	0.3221	0.068448902395	0.150688699667	0.454240447666	708105at2759.faa.mafft	708105at2759.faa.mafft.clipkit.iqtree
fungi	719531at2759	4	2212	14.1048824593	18.2640144665	2.1409	0.0975	0.0455415946565	0.123498864029	0.368761243389	719531at2759.faa.mafft	719531at2759.faa.mafft.clipkit.iqtree
fungi	720340at2759	4	2032	19.3405511811	26.968503937	3.3572	0.1417	0.0422077922078	0.189010570777	0.223309162204	720340at2759.faa.mafft	720340at2759.faa.mafft.clipkit.iqtree
fungi	722805at2759	4	6804	32.6866549089	48.7948265726	4.1285	0.1841	0.0445924669977	0.18099280706	0.246377012004	722805at2759.faa.mafft	722805at2759.faa.mafft.clipkit.iqtree
fungi	734341at2759	4	1808	26.8252212389	38.9380530973	3.7129	0.1881	0.05066120822	0.224397074414	0.225765903376	734341at2759.faa.mafft	734341at2759.faa.mafft.clipkit.iqtree
fungi	734666at2759	4	2328	10.4381443299	14.4329896907	1.7911	0.0889	0.0496343029423	0.0937220985732	0.529590178815	734666at2759.faa.mafft	734666at2759.faa.mafft.clipkit.iqtree
fungi	736068at2759	4	2452	19.0864600326	24.6329526917	3.9598	0.1173	0.0296227082176	0.158035543081	0.187443328507	736068at2759.faa.mafft	736068at2759.faa.mafft.clipkit.iqtree
fungi	751335at2759	4	2564	22.0358814353	29.7971918877	4.8309	0.2313	0.0478792771533	0.155801580053	0.307309316999	751335at2759.faa.mafft	751335at2759.faa.mafft.clipkit.iqtree
fungi	759498at2759	4	4004	18.6313686314	26.0739260739	2.6281	0.1783	0.0678436893573	0.129344092019	0.52452097578	759498at2759.faa.mafft	759498at2759.faa.mafft.clipkit.iqtree
fungi	761109at2759	4	3556	27.6715410574	36.4454443195	3.3953	0.1297	0.0381998645186	0.157499460335	0.242539653389	761109at2759.faa.mafft	761109at2759.faa.mafft.clipkit.iqtree
fungi	768809at2759	4	2324	19.6643717728	27.5387263339	2.3846	0.1151	0.0482680533423	0.144218872304	0.334686109876	768809at2759.faa.mafft	768809at2759.faa.mafft.clipkit.iqtree
fungi	774318at2759	4	5000	50.16	67.52	4.4117	0.1703	0.0386018994945	0.170444013047	0.226478471167	774318at2759.faa.mafft	774318at2759.faa.mafft.clipkit.iqtree
fungi	777920at2759	4	2944	13.4510869565	17.7989130435	2.4491	0.0954	0.0389530848067	0.127240819911	0.306136700738	777920at2759.faa.mafft	777920at2759.faa.mafft.clipkit.iqtree
fungi	779909at2759	4	1632	18.3210784314	25.7352941176	1.1151	0.1372	0.12303829253	0.13965804973	0.880996782983	779909at2759.faa.mafft	779909at2759.faa.mafft.clipkit.iqtree
fungi	801857at2759	4	3216	34.2039800995	52.2388059701	3.1103	0.2148	0.0690608622962	0.164841610456	0.418952848768	801857at2759.faa.mafft	801857at2759.faa.mafft.clipkit.iqtree
fungi	814241at2759	4	2672	28.5553892216	43.2634730539	3.6122	0.1789	0.0495266042855	0.172457880373	0.287180870936	814241at2759.faa.mafft	814241at2759.faa.mafft.clipkit.iqtree
fungi	817008at2759	4	1976	11.032388664	20.04048583	1.4385	0.0548	0.0380952380952	0.110882599533	0.343563717444	817008at2759.faa.mafft	817008at2759.faa.mafft.clipkit.iqtree
fungi	834694at2759	4	3896	22.7412731006	33.3675564682	3.3762	0.2642	0.0782536579587	0.172702264316	0.45311309767	834694at2759.faa.mafft	834694at2759.faa.mafft.clipkit.iqtree
fungi	836599at2759	4	2580	15.7751937984	22.9457364341	3.2007	0.1884	0.0588621239104	0.171777271454	0.342665379489	836599at2759.faa.mafft	836599at2759.faa.mafft.clipkit.iqtree
fungi	83779at2759	4	2880	19.6180555556	27.0833333333	3.5944	0.1921	0.0534442466058	0.190290065529	0.280856735517	83779at2759.faa.mafft	83779at2759.faa.mafft.clipkit.iqtree
fungi	844748at2759	3	2085	21.6306954436	31.654676259	2.1842	0	0	0.15427672619	0	844748at2759.faa.mafft	844748at2759.faa.mafft.clipkit.iqtree
fungi	855834at2759	4	3472	20.3052995392	30.9907834101	5.0071	0.2527	0.0504683349644	0.163958980681	0.307810738726	855834at2759.faa.mafft	855834at2759.faa.mafft.clipkit.iqtree
fungi	858842at2759	3	2979	30.3793219201	44.4108761329	2.784	0	0	0.183240979626	0	858842at2759.faa.mafft	858842at2759.faa.mafft.clipkit.iqtree
fungi	865202at2759	4	1496	9.75935828877	18.449197861	3.4285	0.09	0.0262505468864	0.147837835018	0.17756311761	865202at2759.faa.mafft	865202at2759.faa.mafft.clipkit.iqtree
fungi	866359at2759	4	1460	6.30136986301	10.1369863014	1.6962	0.0416	0.0245254097394	0.125060846558	0.19610781803	866359at2759.faa.mafft	866359at2759.faa.mafft.clipkit.iqtree
fungi	869548at2759	4	1224	15.2777777778	23.8562091503	3.5548	0.2179	0.0612974006976	0.220692880364	0.277749787835	869548at2759.faa.mafft	869548at2759.faa.mafft.clipkit.iqtree
fungi	878143at2759	4	2108	11.954459203	15.7495256167	2.9641	0.2461	0.0830268884316	0.13805353951	0.60141079125	878143at2759.faa.mafft	878143at2759.faa.mafft.clipkit.iqtree
fungi	87842at2759	4	5468	25.237746891	34.1623994148	3.6902	0.0882	0.0239011435695	0.206224887098	0.115898444198	87842at2759.faa.mafft	87842at2759.faa.mafft.clipkit.iqtree
fungi	887370at2759	4	3368	24.9406175772	35.2731591449	3.5385	0.1463	0.0413452027695	0.160480895618	0.257633175652	887370at2759.faa.mafft	887370at2759.faa.mafft.clipkit.iqtree
fungi	891751at2759	4	3492	30.3550973654	44.4444444444	4.5336	0.2421	0.0534012705135	0.1940413141	0.275205673395	891751at2759.faa.mafft	891751at2759.faa.mafft.clipkit.iqtree
fungi	898782at2759	4	3012	21.6135458167	30.1460823373	4.366	0.2279	0.0521988089785	0.164206688642	0.317884791479	898782at2759.faa.mafft	898782at2759.faa.mafft.clipkit.iqtree
fungi	901894at2759	4	3436	26.3969732247	41.0942956927	3.427	0.1192	0.0347826086957	0.161187847757	0.215789274313	901894at2759.faa.mafft	901894at2759.faa.mafft.clipkit.iqtree
fungi	905026at2759	4	4688	31.228668942	44.1979522184	3.4677	0.209	0.0602704962944	0.175642956782	0.343142118526	905026at2759.faa.mafft	905026at2759.faa.mafft.clipkit.iqtree
fungi	911863at2759	4	2100	20.5714285714	35.0476190476	3.9924	0.2353	0.0589369802625	0.174703446635	0.337354422009	911863at2759.faa.mafft	911863at2759.faa.mafft.clipkit.iqtree
fungi	917326at2759	4	3232	14.3564356436	20.9158415842	2.7312	0.0462	0.0169156414763	0.140760556004	0.120173164674	917326at2759.faa.mafft	917326at2759.faa.mafft.clipkit.iqtree
fungi	918816at2759	4	3316	31.8154402895	47.2858866104	3.7669	0.1299	0.0344845894502	0.206385622715	0.167088138197	918816at2759.faa.mafft	918816at2759.faa.mafft.clipkit.iqtree
fungi	919955at2759	4	1628	4.79115479115	6.38820638821	2.9756	0.1167	0.0392189810458	0.162964285002	0.240659976788	919955at2759.faa.mafft	919955at2759.faa.mafft.clipkit.iqtree
fungi	923657at2759	4	1824	23.0811403509	36.4035087719	4.2396	0.3684	0.0868949900934	0.171571385292	0.506465515479	923657at2759.faa.mafft	923657at2759.faa.mafft.clipkit.iqtree
fungi	924753at2759	4	2588	23.1839258114	33.0757341577	3.6002	0.1675	0.0465251930448	0.145738981621	0.319236435765	924753at2759.faa.mafft	924753at2759.faa.mafft.clipkit.iqtree
fungi	931188at2759	4	2740	21.4598540146	34.598540146	4.1722	0.2957	0.070873879488	0.176257233677	0.402104798818	931188at2759.faa.mafft	931188at2759.faa.mafft.clipkit.iqtree
fungi	937275at2759	3	1839	22.1315932572	31.32137031	3.7365	0	0	0.187916217331	0	937275at2759.faa.mafft	937275at2759.faa.mafft.clipkit.iqtree
fungi	937686at2759	3	1788	16.7225950783	25.3355704698	1.8829	0	0	0.151216108395	0	937686at2759.faa.mafft	937686at2759.faa.mafft.clipkit.iqtree
fungi	939345at2759	4	2896	45.9599447514	67.1270718232	4.1152	0.3812	0.092632192846	0.213019301117	0.43485351966	939345at2759.faa.mafft	939345at2759.faa.mafft.clipkit.iqtree
fungi	944899at2759	4	1476	10.0948509485	14.3631436314	1.2086	0.0462	0.0382260466656	0.0936356591372	0.408242404847	944899at2759.faa.mafft	944899at2759.faa.mafft.clipkit.iqtree
fungi	946128at2759	4	3360	25.0892857143	36.5476190476	3.6902	0.1392	0.0377215327083	0.153869374141	0.245152961198	946128at2759.faa.mafft	946128at2759.faa.mafft.clipkit.iqtree
fungi	956854at2759	3	1086	16.4825046041	22.0994475138	2.3893	0	0	0.174036389196	0	956854at2759.faa.mafft	956854at2759.faa.mafft.clipkit.iqtree
fungi	97116at2759	4	5932	15.7619689818	18.6783546864	3.0256	0.0872	0.0288207297726	0.106125565846	0.271571977429	97116at2759.faa.mafft	97116at2759.faa.mafft.clipkit.iqtree
fungi	973442at2759	4	2992	37.4665775401	51.7379679144	3.6616	0.0791	0.0216025781079	0.207780337875	0.10396834623	973442at2759.faa.mafft	973442at2759.faa.mafft.clipkit.iqtree
fungi	974865at2759	4	1716	17.0745920746	26.1072261072	2.505	0.1357	0.0541716566866	0.174806512259	0.309894957497	974865at2759.faa.mafft	974865at2759.faa.mafft.clipkit.iqtree
fungi	975158at2759	4	2420	21.1157024793	28.9256198347	3.2597	0.1994	0.0611712734301	0.160470359041	0.381199829026	975158at2759.faa.mafft	975158at2759.faa.mafft.clipkit.iqtree
fungi	975557at2759	4	3488	15.5389908257	32.3394495413	4.1514	0.1952	0.0470202823144	0.116036760461	0.405218847265	975557at2759.faa.mafft	975557at2759.faa.mafft.clipkit.iqtree
fungi	976469at2759	3	1245	10.1204819277	13.9759036145	1.7864	0	0	0.178697474915	0	976469at2759.faa.mafft	976469at2759.faa.mafft.clipkit.iqtree
fungi	981902at2759	4	3092	22.9624838292	39.5860284605	5.2349	0.6127	0.117041395251	0.181166202826	0.646044314144	981902at2759.faa.mafft	981902at2759.faa.mafft.clipkit.iqtree
fungi	996662at2759	4	1364	10.5571847507	14.6627565982	2.5756	0.1387	0.0538515297406	0.167870614574	0.320791878181	996662at2759.faa.mafft	996662at2759.faa.mafft.clipkit.iqtree
