item_id,replicate,passed,answer,expected_range,total_tokens,input_tokens,cached_input_tokens,output_tokens,open_ended_mean_tokens,previous_galaxy_mean_tokens,trace_path,history_id,history_url,history_published,history_importable,source_result_sha256
bix-11-q1,1,True,0.0501,,584544,579755,542720,4789,280171.0,1748326.6666666667,bixbench/run_traces_october06_codex_gpt56_sol_token_optimization/bix_11_q1/galaxy_strict_skills/replicate_1,bbd44e69cb8906b53f4f41478fb726d3,https://usegalaxy.org/u/jqsde/h/analysis-median-treeness-fungi-vs-animals,False,True,57f4cc468a1852202b3f7253be9ef14aceabb3b48757c5b2c03656b54c6c7fb7
bix-11-q2,1,True,35.34%,,717166,711339,673408,5827,395146.0,1326220.6666666667,bixbench/run_traces_october06_codex_gpt56_sol_token_optimization/bix_11_q2/galaxy_strict_skills/replicate_1,bbd44e69cb8906b5ca65f2127f019305,https://usegalaxy.org/u/jqsde/h/analysis-fungal-gene-treeness-above-0-06-2,False,True,cf00fcd5093575e9f1ed46cbb8a839a060573494ea80544bd9d71cde44ff1d59
bix-12-q2,1,True,3.5385%,,1132418,1123944,1056896,8474,443873.6666666667,6352309.0,bixbench/run_traces_october06_codex_gpt56_sol_token_optimization/bix_12_q2/galaxy_strict_skills/replicate_1,bbd44e69cb8906b5d778afeb2a4b6aa6,https://usegalaxy.org/u/jqsde/h/analysis-median-parsimony-informative-sites-across-fungal-gene-alignments,False,True,a32c0a8159cb886215a58c736fa9fe3425a9be9d231f4dab9734e3ff4ad497c8
bix-12-q4,1,True,6948.0,,2955552,2941241,2830080,14311,607315.6666666666,7001401.666666667,bixbench/run_traces_october06_codex_gpt56_sol_token_optimization/bix_12_q4/galaxy_strict_skills/replicate_1,bbd44e69cb8906b57559a2336b8bb94d,https://usegalaxy.org/u/jqsde/h/analysis-parsimony-informative-sites-animals-vs-fungi,False,True,10d7268dcfadfed7e9411d482faa57db984a7fe7fd2d4a0449ed38ef7a87cba8
bix-12-q5,1,True,29,,2854307,2838400,2731392,15907,503752.3333333333,3564158.3333333335,bixbench/run_traces_october06_codex_gpt56_sol_token_optimization/bix_12_q5/galaxy_strict_skills/replicate_1,bbd44e69cb8906b5009d04c7a08804b6,https://usegalaxy.org/u/jqsde/h/analysis-maximum-parsimony-informative-sites-in-animal-gene-alignments-2,False,True,d1dd695f61917701ebab89d9da768e7792df5db1bc9e479b8b54b425837944f2
bix-12-q6,1,True,6748.0,,1597313,1583922,1517568,13391,450732.0,7375373.333333333,bixbench/run_traces_october06_codex_gpt56_sol_token_optimization/bix_12_q6/galaxy_strict_skills/replicate_1,bbd44e69cb8906b59339e74cab649e78,https://usegalaxy.org/u/jqsde/h/analysis-mann-whitney-u-raw-parsimony-informative-sites-animals-vs-fungi,False,True,691eda7bfac1e5525afa63e08484bd293a2e3b7f4bfd44039a83741775de26be
bix-14-q1,1,True,0.7317073170731707,"[0.7, 0.8]",2665044,2653101,2548352,11943,498798.6666666667,3649049.6666666665,bixbench/run_traces_october06_codex_gpt56_sol_token_optimization/bix_14_q1/galaxy_strict_skills/replicate_1,bbd44e69cb8906b59577dc8d8efea378,https://usegalaxy.org/u/jqsde/h/analysis-blm-carrier-synonymous-coding-variants-vaf-below-0-3,False,True,71a2f12501551dcc6898c4eabea750974578d384a5afe406d3d0ac46c84b8ebc
bix-16-q1,1,True,CDKN1A,,2056912,2050272,1944192,6640,388242.3333333333,860548.0,bixbench/run_traces_october06_codex_gpt56_sol_token_optimization/bix_16_q1/galaxy_strict_skills/replicate_1,bbd44e69cb8906b5ae033a148a35fa3f,https://usegalaxy.org/u/jqsde/h/analysis-expression-vs-essentiality-spearman-correlation,False,True,6ca9be982e46f9f2d25c2da8952598d3fc5b811da2feed55f4bec0b66596e4da
bix-16-q3,1,True,3,,460237,455765,428160,4472,301401.6666666667,679230.3333333334,bixbench/run_traces_october06_codex_gpt56_sol_token_optimization/bix_16_q3/galaxy_strict_skills/replicate_1,bbd44e69cb8906b5f54e70c1ac1b9706,https://usegalaxy.org/u/jqsde/h/analysis-expression-essentiality-spearman-0-6-3,False,True,975148d59c5ee16d7d374bd803013149608d44bb5448788a17a1ae1391a3599e
bix-16-q4,1,True,21.803575469563249%,"[20.0, 25.0]",617340,612659,574208,4681,284060.6666666667,982279.3333333334,bixbench/run_traces_october06_codex_gpt56_sol_token_optimization/bix_16_q4/galaxy_strict_skills/replicate_1,bbd44e69cb8906b50757f1e1ab328959,https://usegalaxy.org/u/jqsde/h/analysis-spearman-expression-vs-essentiality-bh,False,True,24fd87f00bbe7f7cc33187f5db51efd966ee906942e352672c8cbba6faabdf2f
bix-17-q2,1,True,2,,1331524,1311882,1237376,19642,355728.0,12102913.333333334,bixbench/run_traces_october06_codex_gpt56_sol_token_optimization/bix_17_q2/galaxy_strict_skills/replicate_1,bbd44e69cb8906b5a96e7ffea955ebf0,https://usegalaxy.org/u/jqsde/h/analysis-blm-carriers-somatic-chip-median,False,True,8456b944375caa1359c1e6444f225a792aa5a407e21da64a6396724c629b72ab
bix-18-q1,1,True,0.076,"[0.07, 0.08]",361048,358106,338816,2942,66805.0,1061970.3333333333,bixbench/run_traces_october06_codex_gpt56_sol_token_optimization/bix_18_q1/galaxy_strict_skills/replicate_1,bbd44e69cb8906b516fcd526e64e2aeb,https://usegalaxy.org/u/jqsde/h/analysis-copy-p-aeruginosa-swarming-genotype-means,False,True,b71bdb52fc9c252015dd70aa7cc0d7156e4043c624a03e3335f2288bbcfe5aed
bix-18-q3,1,True,71.0%,"[69.0, 72.0]",489193,486147,449536,3046,81904.66666666667,1014593.0,bixbench/run_traces_october06_codex_gpt56_sol_token_optimization/bix_18_q3/galaxy_strict_skills/replicate_1,bbd44e69cb8906b52302ee4ed7e5b81c,https://usegalaxy.org/u/jqsde/h/analysis-mean-colony-area-reduction-δlasr-vs-wildtype-1,False,True,7e8b11fddf55926935cd88cbca137fe96011371cffed1aad6cc22c193c98eeaf
bix-20-q3,1,True,1,"[0.8, 1.0]",1185450,1170955,1098880,14495,387320.3333333333,3540902.6666666665,bixbench/run_traces_october06_codex_gpt56_sol_token_optimization/bix_20_q3/galaxy_strict_skills/replicate_1,bbd44e69cb8906b543ae5025e0b2e0b3,https://usegalaxy.org/u/jqsde/h/analysis-carrier-blm-somatic-chip-clinvar-benign-proportion-2,False,True,64043cd42c917896885d62f0f7ba45e941cbbd8eadc63ff45b9512e243a2da01
bix-22-q1,1,True,CD14,,646323,636040,581632,10283,191265.0,738354.0,bixbench/run_traces_october06_codex_gpt56_sol_token_optimization/bix_22_q1/galaxy_strict_skills/replicate_1,bbd44e69cb8906b50b9b99af8f76645b,https://usegalaxy.org/u/jqsde/h/analysis-gene-length-vs-mean-expression-by-immune-cell-type,False,True,25f1f0b3a17ff04bb220c04fac4f9c38faddad61afcf7eb47b7fc4ce1827b1c9
bix-22-q4,1,True,0.015815830205872596,"[0.015, 0.025]",895168,883486,841856,11682,181708.0,2050637.0,bixbench/run_traces_october06_codex_gpt56_sol_token_optimization/bix_22_q4/galaxy_strict_skills/replicate_1,bbd44e69cb8906b57d6140d6b66d606c,https://usegalaxy.org/u/jqsde/h/analysis-cd14-gene-length-vs-mean-expression-pearson-correlation-2,False,True,92517573e1426ff541908e752381c9fa4b5d111f0df82b59f2de3231424a3189
bix-24-q2,1,True,Downregulation,,1461595,1450589,1373184,11006,1523768.3333333333,3678438.0,bixbench/run_traces_october06_codex_gpt56_sol_token_optimization/bix_24_q2/galaxy_strict_skills/replicate_1,bbd44e69cb8906b52596cc88d3defb5d,https://usegalaxy.org/u/jqsde/h/cbd-crc-de-and-go-bp-analysis-copy,False,True,ebb5bcc42eb95a8e7f5cc5acae27bf444387f872bef6eb66b262bd896871f0eb
bix-26-q3,1,True,11,,722310,717248,678016,5062,256880.0,1411327.3333333333,bixbench/run_traces_october06_codex_gpt56_sol_token_optimization/bix_26_q3/galaxy_strict_skills/replicate_1,bbd44e69cb8906b5ad9c34d26ef94387,https://usegalaxy.org/u/jqsde/h/analysis-feminus-upregulated-abc-transporters-kegg-1,False,True,1143ecf8e852bb9bfdbf1401e73e65e10850b11500d9394f2dc97cab94083d65
bix-26-q5,1,True,3,,747579,742066,694272,5513,427887.3333333333,1765942.3333333333,bixbench/run_traces_october06_codex_gpt56_sol_token_optimization/bix_26_q5/galaxy_strict_skills/replicate_1,bbd44e69cb8906b55b55102f895ae912,https://usegalaxy.org/u/jqsde/h/kegg-enrichment-iron-depleted-vs-innate-media,False,True,e39125f0639e6e4251da3bd256345351ff8947fa9ce78c56ae60918d2b5fb95c
bix-27-q5,1,True,55.971150241111765%,"[55.0, 56.0]",706301,694768,613376,11533,226130.66666666666,887879.6666666666,bixbench/run_traces_october06_codex_gpt56_sol_token_optimization/bix_27_q5/galaxy_strict_skills/replicate_1,bbd44e69cb8906b5ef2829011b9b77cb,https://usegalaxy.org/u/jqsde/h/pca-rosmap-resolved-samples-analysis,False,True,9387f4d9f04aa66b2685bdd06cba52232352f1863100ddbb783f4e41851bca0b
bix-28-q3,1,True,-30.4551,,638041,632690,587776,5351,519959.0,1338720.3333333333,bixbench/run_traces_october06_codex_gpt56_sol_token_optimization/bix_28_q3/galaxy_strict_skills/replicate_1,bbd44e69cb8906b51e7fa39e5dd5444a,https://usegalaxy.org/u/jqsde/h/working-phykit-lbs-fungal-gene-996662at2759,False,True,549ddd9d9a5c0ba7457b728796f95156be9822e51e9c83c3004a266a950e3121
bix-30-q3,1,True,0:0,,2217501,2206297,2121984,11204,556796.0,3140592.3333333335,bixbench/run_traces_october06_codex_gpt56_sol_token_optimization/bix_30_q3/galaxy_strict_skills/replicate_1,bbd44e69cb8906b55a15410aa7cad9e6,https://usegalaxy.org/u/jqsde/h/analysis-copy-mirna-bonferroni-vs-by-1,False,True,359b225ebe5143c7b95cc899cbd130d9993ea9819d73f0ecdc3a5bfc8a9ff240
bix-31-q2,1,True,-0.06039668606673749,"[-0.07, -0.05]",795830,783060,741760,12770,12697380.333333334,1229117.0,bixbench/run_traces_october06_codex_gpt56_sol_token_optimization/bix_31_q2/galaxy_strict_skills/replicate_1,bbd44e69cb8906b5ce252489c0384e00,https://usegalaxy.org/u/jqsde/h/analysis-pydeseq2-sex-m-vs-f-with-batch-covariate,False,True,8edc60d2e1ade714a1adfaa05538f2da8ee6f39cd4b18e18b5b190663caa276e
bix-32-q2,1,False,2,,1310849,1298847,1198848,12002,482645.0,2678752.3333333335,bixbench/run_traces_october06_codex_gpt56_sol_token_optimization/bix_32_q2/galaxy_strict_skills/replicate_1,bbd44e69cb8906b541312bc5560f18e8,https://usegalaxy.org/u/jqsde/h/analysis-copy-kegg-ora-same-direction-mutants-97-98-99,False,True,6bb6850fad37a34d5b20ccda71b29c87e8c7c62e7c9601ac2c8e1b00f72793c1
bix-34-q2,1,True,2.6322860447,,925883,914667,871680,11216,212171.0,926282.3333333334,bixbench/run_traces_october06_codex_gpt56_sol_token_optimization/bix_34_q2/galaxy_strict_skills/replicate_1,bbd44e69cb8906b5dc399bb676931674,https://usegalaxy.org/u/jqsde/h/analysis-median-patristic-distance-981902at2759-3,False,True,6e1d9df5299d61615895995bcb7fb7cd191d18f22a14e381ee947e575eab0642
bix-34-q5,1,True,1.9474821091918069,,698414,690931,656384,7483,242837.0,5505451.333333333,bixbench/run_traces_october06_codex_gpt56_sol_token_optimization/bix_34_q5/galaxy_strict_skills/replicate_1,bbd44e69cb8906b51a50f31431e36f7e,https://usegalaxy.org/u/jqsde/h/analysis-median-mean-patristic-distance-ratio,False,True,f739f24e54537631918b61513b8584345f07d2eca77f4ff2eb7a882930a6821a
bix-35-q1,1,True,0.0471,,610593,606496,568576,4097,320110.0,1854236.3333333333,bixbench/run_traces_october06_codex_gpt56_sol_token_optimization/bix_35_q1/galaxy_strict_skills/replicate_1,bbd44e69cb8906b56d179655be283bdc,https://usegalaxy.org/u/jqsde/h/analysis-phykit-evolutionary-rate-156083at2759-animals-2,False,True,901a425ccaaa1170a2c847f3e7424a3f09448343499bd394056009fe0d998f25
bix-35-q2,1,True,3661,,575040,571060,528512,3980,591364.0,2344176.6666666665,bixbench/run_traces_october06_codex_gpt56_sol_token_optimization/bix_35_q2/galaxy_strict_skills/replicate_1,bbd44e69cb8906b5762672ad619c3052,https://usegalaxy.org/u/jqsde/h/analysis-phykit-evo-rate-animals-vs-fungi-1,False,True,4a2325a8cfc3f0a73a10fb6161aa1f96366705a17092a42844cbb0667d422082
bix-37-q1,1,True,4.80663981223069,,622435,616562,580608,5873,130802.0,1335469.0,bixbench/run_traces_october06_codex_gpt56_sol_token_optimization/bix_37_q1/galaxy_strict_skills/replicate_1,bbd44e69cb8906b573cca37b1c2776a8,https://usegalaxy.org/u/jqsde/h/analysis-eno1-tumor-normal-protein-fold-change-1,False,True,bb9ca3e0f30f40f2d7ad7c1408fa54972a3f04b2c0f5d0e19a2cdb08370fe0a1
bix-37-q4,1,True,2.27,,443655,439495,419328,4160,89927.66666666667,1266816.0,bixbench/run_traces_october06_codex_gpt56_sol_token_optimization/bix_37_q4/galaxy_strict_skills/replicate_1,bbd44e69cb8906b599287e62b676bcb7,https://usegalaxy.org/u/jqsde/h/analysis-eno1-tumor-vs-normal-proteomics-log2fc,False,True,c9faed927e50d55ce26596ee5102e326e97b5561831626d63b7fb94a7d51be9b
bix-38-q1,1,True,2.17750896687531,,486403,482580,449664,3823,484261.0,1645594.0,bixbench/run_traces_october06_codex_gpt56_sol_token_optimization/bix_38_q1/galaxy_strict_skills/replicate_1,bbd44e69cb8906b5050bd0aed89fcd85,https://usegalaxy.org/u/jqsde/h/analysis-phykit-median-tree-length-fungi-vs-animals-1,False,True,c2596835ee21e8d83ba22c975053611de3bba2a06df95f40e792d7b62b7c2380
bix-41-q5,1,True,5:1,,848196,838357,796160,9839,87879.66666666667,1561131.3333333333,bixbench/run_traces_october06_codex_gpt56_sol_token_optimization/bix_41_q5/galaxy_strict_skills/replicate_1,bbd44e69cb8906b5f29b63ba435b2e94,https://usegalaxy.org/u/jqsde/h/analysis-strain-287-98-ratio-closest-to-strain-1-1,False,True,7bb2e7b4076506488b91c7f8802737e51c0cecf9a4a88f8ab3e2f387d3990de3
bix-43-q2,1,True,5.812405901836796,,917655,905822,860800,11833,1438457.0,1315485.0,bixbench/run_traces_october06_codex_gpt56_sol_token_optimization/bix_43_q2/galaxy_strict_skills/replicate_1,bbd44e69cb8906b597efa164763c2c34,https://usegalaxy.org/u/jqsde/h/analysis-pydeseq2-combination-vs-dmso-reactome-2022,False,True,16f485bf051471b6630bf3a3cd7ac2b47b40dfcff8c97d06a2832003215d4b44
bix-43-q4,1,True,8/49,,2028014,2017670,1942144,10344,928668.3333333334,3685307.0,bixbench/run_traces_october06_codex_gpt56_sol_token_optimization/bix_43_q4/galaxy_strict_skills/replicate_1,bbd44e69cb8906b5f588ed336b5334a1,https://usegalaxy.org/u/jqsde/h/analysis-cbd-cisplatin-vs-dmso-deseq2-gseapy-reactome-2022,False,True,fb2cea2bf5ebffe1366ee3afcb33baeb6727f836cdd472c217d5bc421a185af7
bix-45-q1,1,False,1.5197572608715265e-56,,758755,755346,700160,3409,1114145.6666666667,1703437.6666666667,bixbench/run_traces_october06_codex_gpt56_sol_token_optimization/bix_45_q1/galaxy_strict_skills/replicate_1,bbd44e69cb8906b55e4e61638e6d1d74,https://usegalaxy.org/u/jqsde/h/rcv-animal-vs-fungal-orthologs-analysis,False,True,9b0812d1273df161db66f2b6438f9d71adbc8413e31626222a44404767497ea4
bix-46-q4,1,True,-4.10,,421631,416537,395648,5094,306994.3333333333,863177.0,bixbench/run_traces_october06_codex_gpt56_sol_token_optimization/bix_46_q4/galaxy_strict_skills/replicate_1,bbd44e69cb8906b53544090a7800339d,https://usegalaxy.org/u/jqsde/h/analysis-copy-pa14-35160-log2fc-in-delta-rhli,False,True,789923a3bb28366a06b47888985a4573ede0a24646b8d0da8326d696f75821ce
bix-47-q3,1,True,NOTCH1,,1996011,1984895,1929728,11116,388493.3333333333,2357028.6666666665,bixbench/run_traces_october06_codex_gpt56_sol_token_optimization/bix_47_q3/galaxy_strict_skills/replicate_1,bbd44e69cb8906b598391d268bed80d4,https://usegalaxy.org/u/jqsde/h/analysis-oldest-male-carrier-non-reference-variants-2,False,True,7575c6c764d75e8649c420b7c9f8945d732f59b94fe5aa72acb420b28311cfc3
bix-49-q4,1,True,2118,,1324406,1313992,1197056,10414,1011943.0,2465240.6666666665,bixbench/run_traces_october06_codex_gpt56_sol_token_optimization/bix_49_q4/galaxy_strict_skills/replicate_1,bbd44e69cb8906b5ced6df74bca71924,https://usegalaxy.org/u/jqsde/h/asxl1-deseq2-sex-covariate-analysis,False,True,a580f8b92e3506cb3da4813f90efb8cc0a1dba702033a9f4d3ff01967811ff98
bix-51-q2,1,True,111.8124599252796,"[111.8, 111.82]",660130,654251,579840,5879,188360.33333333334,1270983.3333333333,bixbench/run_traces_october06_codex_gpt56_sol_token_optimization/bix_51_q2/galaxy_strict_skills/replicate_1,bbd44e69cb8906b509662f56da2eab50,https://usegalaxy.org/u/jqsde/h/analysis-copy-bmi-logistic-regression-aic-1,False,True,26a5f57ca6958424e70f4ba7ce1d1687fa34fe2ba382f876654a6f718b95ae6b
bix-51-q8,1,True,-0.0749539180369506,"[-0.084, -0.064]",796579,788784,743680,7795,245900.66666666666,2723124.6666666665,bixbench/run_traces_october06_codex_gpt56_sol_token_optimization/bix_51_q8/galaxy_strict_skills/replicate_1,bbd44e69cb8906b53e5cadff43dbbcc8,https://usegalaxy.org/u/jqsde/h/analysis-age-and-camrelizumab-response-logistic-regression,False,True,54f1adc12c523bfcb1e0e5c16847674096dd5888f39d9f3dbfc74d30d5aba48a
bix-52-q2,1,True,1.1282568023118e-07,"[1.03e-07, 1.23e-07]",1191162,1185139,1133440,6023,111515.0,3047072.3333333335,bixbench/run_traces_october06_codex_gpt56_sol_token_optimization/bix_52_q2/galaxy_strict_skills/replicate_1,bbd44e69cb8906b5ddebf26df32d6b5c,https://usegalaxy.org/u/jqsde/h/analysis-jackdaw-filtered-unique-age-related-cpg-chromosome-density,False,True,8aef781d4c17da84ed436267542971d9ee8f30a47bf05ed05ebc09489019c6e1
bix-52-q6,1,True,W,,1465253,1459587,1379712,5666,83534.33333333333,1707629.3333333333,bixbench/run_traces_october06_codex_gpt56_sol_token_optimization/bix_52_q6/galaxy_strict_skills/replicate_1,bbd44e69cb8906b583206aa61d1eda04,https://usegalaxy.org/u/jqsde/h/analysis-copy-jackdaw-age-related-cpg-density-1,False,True,2365847e9d9804e29f6c85bd0fee126cdef6a2c1b846e5392a3e6c16cf3d09c5
bix-52-q7,1,True,19159,,483667,479693,450304,3974,63473.0,932596.0,bixbench/run_traces_october06_codex_gpt56_sol_token_optimization/bix_52_q7/galaxy_strict_skills/replicate_1,bbd44e69cb8906b55127c4a3c97697e3,https://usegalaxy.org/u/jqsde/h/analysis-copy-zebra-finch-methylation-filtering,False,True,c4b759aa087f1d8a54140d52715cfa452faa3b570bc45eba16fd88c847cffd93
bix-53-q2,1,True,1479 1931 increase,,1314498,1304972,1243392,9526,993696.0,2551183.6666666665,bixbench/run_traces_october06_codex_gpt56_sol_token_optimization/bix_53_q2/galaxy_strict_skills/replicate_1,bbd44e69cb8906b5de1af861b2b511d5,https://usegalaxy.org/u/jqsde/h/deseq2-kl-vs-wl-with-and-without-replicate-3,False,True,bc992270d8284f2abe4055c897d7418cacd4600eb8ee1a014b69e6198dd43b5e
bix-53-q5,1,True,0.1,,1601722,1592181,1510656,9541,785250.6666666666,4398002.333333333,bixbench/run_traces_october06_codex_gpt56_sol_token_optimization/bix_53_q5/galaxy_strict_skills/replicate_1,bbd44e69cb8906b595d7b543b48ba0b8,https://usegalaxy.org/u/jqsde/h/codex-analysis-oxidative-pathways-fraction-1,False,True,7b066fda61ad1a88c01962d6c2846bc9cff1f7d36a92cbb66c33e98cb6992338
bix-54-q7,1,False,178983.924324391,"[184000.0, 185000.0]",584722,577515,544768,7207,117070.66666666667,1266729.0,bixbench/run_traces_october06_codex_gpt56_sol_token_optimization/bix_54_q7/galaxy_strict_skills/replicate_1,bbd44e69cb8906b552fdcd05e34dba61,https://usegalaxy.org/u/jqsde/h/analysis-swarm-2-model-comparison,False,True,a6d3466bffef9fc16f8f5edb1b08f0b08af9c53bf9884c9c16ea2f8e641fe438
bix-55-q1,1,True,101,,891787,880707,836096,11080,2657213.3333333335,1417139.3333333333,bixbench/run_traces_october06_codex_gpt56_sol_token_optimization/bix_55_q1/galaxy_strict_skills/replicate_1,bbd44e69cb8906b59adfeee448e248af,https://usegalaxy.org/u/jqsde/h/busco-four-proteome-intersection-analysis,False,True,372cb3c8d084a0dbcc64c812379bd3384a9cdbb52db95b65e0912249e4c4dea0
bix-6-q4,1,True,0.020970981085811226,"[0.001, 0.09]",630399,625572,593024,4827,167221.33333333334,2146050.0,bixbench/run_traces_october06_codex_gpt56_sol_token_optimization/bix_6_q4/galaxy_strict_skills/replicate_1,bbd44e69cb8906b5fac616c1b5a91bfe,https://usegalaxy.org/u/jqsde/h/analysis-chronic-round-1-replicate-mageck-p-value-spearman-correlation,False,True,d905f51e5822c08bc1bcbb84f4b0fcc27c32a4948b5ec472fce024a18ae7eff2
bix-61-q2,1,True,12.1283,,581736,576976,539648,4760,385441.0,1435070.6666666667,bixbench/run_traces_october06_codex_gpt56_sol_token_optimization/bix_61_q2/galaxy_strict_skills/replicate_1,bbd44e69cb8906b5dc89b46d0ffa19e2,https://usegalaxy.org/u/jqsde/h/mdr-srr35233585-bwa-mem-samtools-coverage,False,True,4b9ee8cff219066b24f7a4a249cbdfa94d3a8a9643e78e0a10c1de7a9350ad62
bix-61-q5,1,False,2.56,,496641,493331,458624,3310,257443.33333333334,511003.6666666667,bixbench/run_traces_october06_codex_gpt56_sol_token_optimization/bix_61_q5/galaxy_strict_skills/replicate_1,bbd44e69cb8906b5669ef7c59589515c,https://usegalaxy.org/u/jqsde/h/analysis-srr35233585-tstv-3,False,True,6416586a1eae55c94184e3c56fee42776f64bfec1fabfd3b3de75f38729aa7ff
bix-11-q1,2,True,0.0501,,772530,766716,723584,5814,280171.0,1748326.6666666667,bixbench/run_traces_october06_codex_gpt56_sol_token_optimization/bix_11_q1/galaxy_strict_skills/replicate_2,bbd44e69cb8906b52066d0e1cd1c2655,https://usegalaxy.org/u/jqsde/h/analysis-median-treeness-fungi-versus-animals-1,False,True,b6ce04b6ef28d37d83978bb2b6ba71716e1604f6a94e7aab9bdd0f0d5b7bb319
bix-11-q2,2,True,35.34%,,505476,502024,462592,3452,395146.0,1326220.6666666667,bixbench/run_traces_october06_codex_gpt56_sol_token_optimization/bix_11_q2/galaxy_strict_skills/replicate_2,bbd44e69cb8906b5a77985b467e33030,https://usegalaxy.org/u/jqsde/h/analysis-fungal-gene-treeness-above-0-06-3,False,True,e9e9bf9761a406119737d19f7d172e8d9f30b02c711f6d932bf5b1aa23c531ab
bix-12-q2,2,True,3.5385%,,2175225,2161852,2081024,13373,443873.6666666667,6352309.0,bixbench/run_traces_october06_codex_gpt56_sol_token_optimization/bix_12_q2/galaxy_strict_skills/replicate_2,bbd44e69cb8906b58d4ee3e7d1b1e252,https://usegalaxy.org/u/jqsde/h/analysis-fungal-alignment-parsimony-informative-sites-1,False,True,b5c7a49679f259ed546333a2dec68dce90a66383afed2554b5f3232cfd53716a
bix-12-q4,2,True,6948,,4544668,4530365,4412416,14303,607315.6666666666,7001401.666666667,bixbench/run_traces_october06_codex_gpt56_sol_token_optimization/bix_12_q4/galaxy_strict_skills/replicate_2,bbd44e69cb8906b53d115157c5df8a42,https://usegalaxy.org/u/jqsde/h/analysis-mann-whitney-u-for-animal-vs-fungal-informative-site-percentages,False,True,e1c4d377bc5eeadc191f1a6bd6b0f2fd50f1ee516b00127180e5686e3891bd5a
bix-12-q5,2,True,29,,2385986,2371723,2281728,14263,503752.3333333333,3564158.3333333335,bixbench/run_traces_october06_codex_gpt56_sol_token_optimization/bix_12_q5/galaxy_strict_skills/replicate_2,bbd44e69cb8906b5d8a3a6dfa7613a20,https://usegalaxy.org/u/jqsde/h/analysis-maximum-parsimony-informative-sites-in-animal-gene-alignments-3,False,True,3c8607b89497c1fa6f98c83e6028edda0cbaf616354a33d0b0e97469f0d4215d
bix-12-q6,2,True,6748,,897436,888248,846336,9188,450732.0,7375373.333333333,bixbench/run_traces_october06_codex_gpt56_sol_token_optimization/bix_12_q6/galaxy_strict_skills/replicate_2,bbd44e69cb8906b5785e2177fdc5f105,https://usegalaxy.org/u/jqsde/h/analysis-mann-whitney-u-raw-parsimony-informative-sites,False,True,c6ed68b8eddcbfc266f751e519e1ea6e2add09625c497f44b4f0353edc6e6da9
bix-14-q1,2,True,0.7317073170731707,"[0.7, 0.8]",2607504,2592708,2510592,14796,498798.6666666667,3649049.6666666665,bixbench/run_traces_october06_codex_gpt56_sol_token_optimization/bix_14_q1/galaxy_strict_skills/replicate_2,bbd44e69cb8906b53aced8d5070df66c,https://usegalaxy.org/u/jqsde/h/analysis-blm-carriers-coding-vaf-0-3-synonymous-fraction,False,True,f510f38ed09d9c82935f58b7d8615d97ff622b06183a7cc21f2d73bff03eafae
bix-16-q1,2,True,CDKN1A,,399501,395977,372736,3524,388242.3333333333,860548.0,bixbench/run_traces_october06_codex_gpt56_sol_token_optimization/bix_16_q1/galaxy_strict_skills/replicate_2,bbd44e69cb8906b57aa7f130a031bb89,https://usegalaxy.org/u/jqsde/h/analysis-expression-essentiality-spearman-correlation-2,False,True,79ec0467c4fcd55d88b18b3b0b3615706bd4c87a26295e1c31459ae1b1cdb4cb
bix-16-q3,2,True,3,,411202,407326,376960,3876,301401.6666666667,679230.3333333334,bixbench/run_traces_october06_codex_gpt56_sol_token_optimization/bix_16_q3/galaxy_strict_skills/replicate_2,bbd44e69cb8906b58b4565c34336efdf,https://usegalaxy.org/u/jqsde/h/analysis-expression-essentiality-spearman-correlation-3,False,True,53e2fb7750c1bf62497464598116ebb4f5fc9eb5583ac2a826dbea89511a8cc2
bix-16-q4,2,True,21.803575469563249%,"[20.0, 25.0]",347363,344238,323328,3125,284060.6666666667,982279.3333333334,bixbench/run_traces_october06_codex_gpt56_sol_token_optimization/bix_16_q4/galaxy_strict_skills/replicate_2,bbd44e69cb8906b587e22e63a3f82113,https://usegalaxy.org/u/jqsde/h/analysis-spearman-expression-vs-essentiality,False,True,7df797d9f722313478e9b655d2a75c4cdea02ae25923ebbc1eefbe4bf6a5c0d0
bix-17-q2,2,True,2,,1153908,1141784,1064064,12124,355728.0,12102913.333333334,bixbench/run_traces_october06_codex_gpt56_sol_token_optimization/bix_17_q2/galaxy_strict_skills/replicate_2,bbd44e69cb8906b5afbc5f21748cf760,https://usegalaxy.org/u/jqsde/h/analysis-blm-carriers-median-somatic-chip-variants,False,True,5ac291c4c5e4489917c15a6fc0dc3b94ec5ce8b8b0f6e5236f8006c6a4bad296
bix-18-q1,2,True,0.076,"[0.07, 0.08]",560613,556883,514560,3730,66805.0,1061970.3333333333,bixbench/run_traces_october06_codex_gpt56_sol_token_optimization/bix_18_q1/galaxy_strict_skills/replicate_2,bbd44e69cb8906b51977acac10029d22,https://usegalaxy.org/u/jqsde/h/analysis-copy-swarming-mean-area-and-circularity,False,True,4486b51475fc18458521966b002445314e040a60c80e857a7e2b68f0d81d8729
bix-18-q3,2,True,71%,"[69.0, 72.0]",319777,316413,293632,3364,81904.66666666667,1014593.0,bixbench/run_traces_october06_codex_gpt56_sol_token_optimization/bix_18_q3/galaxy_strict_skills/replicate_2,bbd44e69cb8906b57193ebdb5f647086,https://usegalaxy.org/u/jqsde/h/analysis-δlasr-mean-colony-area-reduction,False,True,de70ccd319395dfa4b3b8ae7335d548ac15c8deb889e2eccd9ecdbb0a2cf030e
bix-20-q3,2,True,1,"[0.8, 1.0]",1870308,1848889,1761152,21419,387320.3333333333,3540902.6666666665,bixbench/run_traces_october06_codex_gpt56_sol_token_optimization/bix_20_q3/galaxy_strict_skills/replicate_2,bbd44e69cb8906b56fd54cd0795dae41,https://usegalaxy.org/u/jqsde/h/blm-carrier-somatic-chip-clinvar-benign-proportion,False,True,5dbbe83101df669dbb21323dc36b27c2db5b1b26bfcee9811ef3e967565b6ae6
bix-22-q1,2,True,CD14,,595675,586982,551680,8693,191265.0,738354.0,bixbench/run_traces_october06_codex_gpt56_sol_token_optimization/bix_22_q1/galaxy_strict_skills/replicate_2,bbd44e69cb8906b5065041d933b30659,https://usegalaxy.org/u/jqsde/h/analysis-gene-length-vs-immune-cell-expression-correlations,False,True,93f104ff2b137e5849848aea1b500f2a341b0b139f248fef9366304c180fc691
bix-22-q4,2,True,0.015815830205872593,"[0.015, 0.025]",1794163,1784761,1713920,9402,181708.0,2050637.0,bixbench/run_traces_october06_codex_gpt56_sol_token_optimization/bix_22_q4/galaxy_strict_skills/replicate_2,bbd44e69cb8906b5873c1695a66be21e,https://usegalaxy.org/u/jqsde/h/analysis-cd14-gene-length-vs-mean-expression-pearson-correlation-3,False,True,b17607500b783fcfdac0eb3fd56eccb06c93f0bd9e9c8fd6be837ee0263f646d
bix-24-q2,2,True,downregulation,,3311981,3297266,3182464,14715,1523768.3333333333,3678438.0,bixbench/run_traces_october06_codex_gpt56_sol_token_optimization/bix_24_q2/galaxy_strict_skills/replicate_2,bbd44e69cb8906b5340ce61f9772f22d,https://usegalaxy.org/u/jqsde/h/cbd-crc-deseq2-go-bp-analysis,False,True,33fc42909f756c775f5327498323afe673915564dac9ac7c4848473018898e10
bix-26-q3,2,True,11,,778149,771559,733312,6590,256880.0,1411327.3333333333,bixbench/run_traces_october06_codex_gpt56_sol_token_optimization/bix_26_q3/galaxy_strict_skills/replicate_2,bbd44e69cb8906b57e5406088b4e954d,https://usegalaxy.org/u/jqsde/h/analysis-feminus-upregulated-abc-transporters,False,True,5e51542a30cc23b5e79e5fe40b9c616110e7fec46bf6f65b65dbfbc9d9696c80
bix-26-q5,2,True,3,,823817,817930,773376,5887,427887.3333333333,1765942.3333333333,bixbench/run_traces_october06_codex_gpt56_sol_token_optimization/bix_26_q5/galaxy_strict_skills/replicate_2,bbd44e69cb8906b51dc10a1992ed9ffe,https://usegalaxy.org/u/jqsde/h/analysis-copy-p-aeruginosa-kegg-enrichment-1,False,True,c9d5816a80eb8e363e4c01817466a698437625f9d4ac30c881e2d2f14051443c
bix-27-q5,2,True,55.971150241111815%,"[55.0, 56.0]",789893,777299,734080,12594,226130.66666666666,887879.6666666666,bixbench/run_traces_october06_codex_gpt56_sol_token_optimization/bix_27_q5/galaxy_strict_skills/replicate_2,bbd44e69cb8906b56697f119ee2fb116,https://usegalaxy.org/u/jqsde/h/pca-100-components-log10p1-rosmap-analysis-copy,False,True,e5ff680872bcab26b0b4e78415af1f4a54d8387f7dd921aab11c0e0ba91c4b08
bix-28-q3,2,False,146.3023,,619657,613993,573056,5664,519959.0,1338720.3333333333,bixbench/run_traces_october06_codex_gpt56_sol_token_optimization/bix_28_q3/galaxy_strict_skills/replicate_2,bbd44e69cb8906b5f999e8b69484f104,https://usegalaxy.org/u/jqsde/h/analysis-phykit-lbs-996662at2759-2,False,True,65c072dc1f6383338e651288dfa74f1a34b4725b9fc5807adf85284794a3d13f
bix-30-q3,2,True,0:0,,1307675,1298611,1235584,9064,556796.0,3140592.3333333335,bixbench/run_traces_october06_codex_gpt56_sol_token_optimization/bix_30_q3/galaxy_strict_skills/replicate_2,bbd44e69cb8906b5a144ab69f28e87b8,https://usegalaxy.org/u/jqsde/h/analysis-bonferroni-vs-benjamini-yekutieli-mirna,False,True,50e450164d9b6358810ee1e6d96161d58c58e18b54076aa1c9a23218cf93f23c
bix-31-q2,2,True,-0.06039668606673749,"[-0.07, -0.05]",594947,587714,552832,7233,12697380.333333334,1229117.0,bixbench/run_traces_october06_codex_gpt56_sol_token_optimization/bix_31_q2/galaxy_strict_skills/replicate_2,bbd44e69cb8906b52a1aa0524c12c215,https://usegalaxy.org/u/jqsde/h/codex-pydeseq2-sex-m-vs-f-batch-covariate,False,True,2d9f53abe1f084b24a82dafd67e11a8a78b2368f1761b27380f2c227973a0a49
bix-32-q2,2,True,0,,1378884,1371271,1297024,7613,482645.0,2678752.3333333335,bixbench/run_traces_october06_codex_gpt56_sol_token_optimization/bix_32_q2/galaxy_strict_skills/replicate_2,bbd44e69cb8906b566aea0dc4a618f74,https://usegalaxy.org/u/jqsde/h/analysis-kegg-ora-same-direction-mutant-pathways,False,True,690d6fa38f1bbcf20d1b5450b0f6a05f2b35cee69f6b376184b5f3dcb3a4fde9
bix-34-q2,2,True,2.6322860447,,1847390,1832909,1767936,14481,212171.0,926282.3333333334,bixbench/run_traces_october06_codex_gpt56_sol_token_optimization/bix_34_q2/galaxy_strict_skills/replicate_2,bbd44e69cb8906b54328fceb98b6b495,https://usegalaxy.org/u/jqsde/h/analysis-median-patristic-distance-fungal-gene-981902at2759,False,True,dc0af5cb5fd5668bcce806d307a6f958b38e08b264fdba6f9644112187c5a9b5
bix-34-q5,2,True,1.9474821091918069,,689125,682733,648576,6392,242837.0,5505451.333333333,bixbench/run_traces_october06_codex_gpt56_sol_token_optimization/bix_34_q5/galaxy_strict_skills/replicate_2,bbd44e69cb8906b5029a9995722cb75c,https://usegalaxy.org/u/jqsde/h/analysis-median-mean-patristic-distance-ratio-1,False,True,1f4649fa0672904ce79579a1939a50a6686621f0988493f72e924747f85935de
bix-35-q1,2,True,0.0471,,690332,684871,646144,5461,320110.0,1854236.3333333333,bixbench/run_traces_october06_codex_gpt56_sol_token_optimization/bix_35_q1/galaxy_strict_skills/replicate_2,bbd44e69cb8906b5eb9360cf1d1d13ef,https://usegalaxy.org/u/jqsde/h/analysis-phykit-evolutionary-rate-156083at2759-animals-3,False,True,661dc32e79514217552b7cdbe93247b012d090727a79c75de62c47eebbc9b519
bix-35-q2,2,True,3661,,625397,621427,576128,3970,591364.0,2344176.6666666665,bixbench/run_traces_october06_codex_gpt56_sol_token_optimization/bix_35_q2/galaxy_strict_skills/replicate_2,bbd44e69cb8906b5866e392d24dc04de,https://usegalaxy.org/u/jqsde/h/analysis-phykit-evo-rate-animals-vs-fungi-2,False,True,184d0b4eaf6bcf92abe8e1f0519d9ee303d9493c6ab18bfac6320f9d46154fb2
bix-37-q1,2,True,4.81,,524322,518703,489984,5619,130802.0,1335469.0,bixbench/run_traces_october06_codex_gpt56_sol_token_optimization/bix_37_q1/galaxy_strict_skills/replicate_2,bbd44e69cb8906b5c1ba87f9599f608b,https://usegalaxy.org/u/jqsde/h/seed-based-on-the-proteomics-data-what-is-the-fold-change-in-eno1-protein-abundance-between-tumor-and-normal-samples-analysis-copy,False,True,e42f53409612253aca2dd8e35ae7b5100f11267df9836b2937f575eef306d870
bix-37-q4,2,True,2.27,,557482,547607,506240,9875,89927.66666666667,1266816.0,bixbench/run_traces_october06_codex_gpt56_sol_token_optimization/bix_37_q4/galaxy_strict_skills/replicate_2,bbd44e69cb8906b5a00acfaf086cf89e,https://usegalaxy.org/u/jqsde/h/analysis-copy-eno1-tumor-vs-normal-proteomics-log2fc,False,True,29e4d9e45758e976be7ba056dd4ebde33d3e297e6b4896cfb97b37ed55e2e162
bix-38-q1,2,True,2.17750896687531,,529780,524831,488576,4949,484261.0,1645594.0,bixbench/run_traces_october06_codex_gpt56_sol_token_optimization/bix_38_q1/galaxy_strict_skills/replicate_2,bbd44e69cb8906b5ec90c83edd52d9a4,https://usegalaxy.org/u/jqsde/h/analysis-phykit-median-tree-length-fungi-vs-animals-2,False,True,5b4d28c3fc08644ae4552d12e186d68d2168421b6790d99649c42f57f9577f11
bix-41-q5,2,True,5:1,,845816,840219,765440,5597,87879.66666666667,1561131.3333333333,bixbench/run_traces_october06_codex_gpt56_sol_token_optimization/bix_41_q5/galaxy_strict_skills/replicate_2,bbd44e69cb8906b52ed23824f84e50ff,https://usegalaxy.org/u/jqsde/h/analysis-copy-swarm-2-ratio-similarity,False,True,a6498d660aec8625bab45760c445f65e776b22c823489b7a1e1fbe2370443bee
bix-43-q2,2,True,5.812405901836796,,864339,852227,794880,12112,1438457.0,1315485.0,bixbench/run_traces_october06_codex_gpt56_sol_token_optimization/bix_43_q2/galaxy_strict_skills/replicate_2,bbd44e69cb8906b54b9599531f6b422d,https://usegalaxy.org/u/jqsde/h/analysis-copy-pydeseq2-gseapy-reactome-2022,False,True,462f37cd70ff0d81d46e3e91fb524b91374037a90278c26aa29aab91d3820656
bix-43-q4,2,True,8/49,,1989288,1980073,1899264,9215,928668.3333333334,3685307.0,bixbench/run_traces_october06_codex_gpt56_sol_token_optimization/bix_43_q4/galaxy_strict_skills/replicate_2,bbd44e69cb8906b560850649c8af0f09,https://usegalaxy.org/u/jqsde/h/cbd-cisplatin-vs-dmso-deseq2-and-reactome-2022,False,True,50fcb59b9cba213219c53770019a78c38303f810f8505c9aabf651cfedfe601e
bix-45-q1,2,False,1.5197572608715265e-56,,691918,683627,633344,8291,1114145.6666666667,1703437.6666666667,bixbench/run_traces_october06_codex_gpt56_sol_token_optimization/bix_45_q1/galaxy_strict_skills/replicate_2,bbd44e69cb8906b5b80cd8920c0c0d29,https://usegalaxy.org/u/jqsde/h/analysis-phykit-rcv-animal-vs-fungal-mann-whitney-u,False,True,2d60ee488c84f522c97efd86949745c5e140812bcb30a9816c0a6d8ed6cff545
bix-46-q4,2,True,-4.10,,675410,665011,628352,10399,306994.3333333333,863177.0,bixbench/run_traces_october06_codex_gpt56_sol_token_optimization/bix_46_q4/galaxy_strict_skills/replicate_2,bbd44e69cb8906b527c3fe001965d169,https://usegalaxy.org/u/jqsde/h/analysis-pa14-35160-log2fc-in-delta-rhli-3,False,True,78e8f5e840d0616ddb6072921ddc6c8ced1a05282e02b2fa821d4aed7a8a19b8
bix-47-q3,2,True,NOTCH1,,1525533,1512082,1445248,13451,388493.3333333333,2357028.6666666665,bixbench/run_traces_october06_codex_gpt56_sol_token_optimization/bix_47_q3/galaxy_strict_skills/replicate_2,bbd44e69cb8906b561fc044c5e47f735,https://usegalaxy.org/u/jqsde/h/analysis-oldest-male-carrier-chip-variants,False,True,70c38ce09e7e77b380ecec51e3aa434808789b2f1dbc20a12a3a09f051397081
bix-49-q4,2,True,2118,,3362455,3340802,3233024,21653,1011943.0,2465240.6666666665,bixbench/run_traces_october06_codex_gpt56_sol_token_optimization/bix_49_q4/galaxy_strict_skills/replicate_2,bbd44e69cb8906b56bf44be204bb8835,https://usegalaxy.org/u/jqsde/h/analysis-copy-asxl1-vs-control-deseq2-sex-covariate-apeglm,False,True,d4331b0d49e6b3bba5d64abaed339f1bfb2f67963fafd63c8a2794727042152e
bix-51-q2,2,True,111.8124599252796,"[111.8, 111.82]",753328,747801,706688,5527,188360.33333333334,1270983.3333333333,bixbench/run_traces_october06_codex_gpt56_sol_token_optimization/bix_51_q2/galaxy_strict_skills/replicate_2,bbd44e69cb8906b520017008d130fdc8,https://usegalaxy.org/u/jqsde/h/aic-bmi-logistic-regression-analysis,False,True,eb2a731358948e6d8ebba1c81b8ae3fbbcc3e7af1b696fc183d0d25d52c125bb
bix-51-q8,2,True,-0.0749537657284774,"[-0.084, -0.064]",2575977,2562883,2478848,13094,245900.66666666666,2723124.6666666665,bixbench/run_traces_october06_codex_gpt56_sol_token_optimization/bix_51_q8/galaxy_strict_skills/replicate_2,bbd44e69cb8906b5985d08c17d8a4271,https://usegalaxy.org/u/jqsde/h/analysis-age-and-camrelizumab-response,False,True,e731b355d99ed0eee4e6a0cff7721de3817819f2056fa27370c87d7ea6768c86
bix-52-q2,2,True,1.1282568023118121875e-7,"[1.03e-07, 1.23e-07]",2449799,2440559,2366208,9240,111515.0,3047072.3333333335,bixbench/run_traces_october06_codex_gpt56_sol_token_optimization/bix_52_q2/galaxy_strict_skills/replicate_2,bbd44e69cb8906b5063f8cee446a2e05,https://usegalaxy.org/u/jqsde/h/analysis-jackdaw-filtered-unique-age-related-cpg-density,False,True,c2a77a5caf91e4b5da4ed468f7bb337a781dcb409e8c2bf628ea678debd9a3ce
bix-52-q6,2,True,W,,1368898,1361356,1236352,7542,83534.33333333333,1707629.3333333333,bixbench/run_traces_october06_codex_gpt56_sol_token_optimization/bix_52_q6/galaxy_strict_skills/replicate_2,bbd44e69cb8906b52c19dfcb092a89e5,https://usegalaxy.org/u/jqsde/h/analysis-which-chromosome-in-the-jackdaw-genome-shows-the-highest-density-of-age-related-cpg-sites,False,True,42057ed923c257469be24e68a21b6b93299e77903a24d4a1f96e65ffd9000798
bix-52-q7,2,True,19159,,615723,611697,584704,4026,63473.0,932596.0,bixbench/run_traces_october06_codex_gpt56_sol_token_optimization/bix_52_q7/galaxy_strict_skills/replicate_2,bbd44e69cb8906b5f90bf3af5e3ba059,https://usegalaxy.org/u/jqsde/h/analysis-zebra-finch-methylation-extreme-filter-removed-rows,False,True,b3bfc8a423752ae4ea350ff535c521110416563bd60a79a189aa5fabf7b7a12e
bix-53-q2,2,True,increase,,1432131,1423914,1364096,8217,993696.0,2551183.6666666665,bixbench/run_traces_october06_codex_gpt56_sol_token_optimization/bix_53_q2/galaxy_strict_skills/replicate_2,bbd44e69cb8906b56449ef47c01413e7,https://usegalaxy.org/u/jqsde/h/deseq2-kl-vs-wl-full-and-no-third-replicates,False,True,a937f9a612d6845a265ba8d98415748bb039850122761b0bfa1dacfa44e722d9
bix-53-q5,2,True,0.1,,1723467,1710415,1648768,13052,785250.6666666666,4398002.333333333,bixbench/run_traces_october06_codex_gpt56_sol_token_optimization/bix_53_q5/galaxy_strict_skills/replicate_2,bbd44e69cb8906b5c268e68dbb6f482c,https://usegalaxy.org/u/jqsde/h/analysis-gseapy-oxidative-fraction,False,True,74642a015e1db9aac9dfb62b8a1f4cd0d5598a29429ca34b3d924345e24302b5
bix-54-q7,2,False,178983.925081597,"[184000.0, 185000.0]",584416,573198,539520,11218,117070.66666666667,1266729.0,bixbench/run_traces_october06_codex_gpt56_sol_token_optimization/bix_54_q7/galaxy_strict_skills/replicate_2,bbd44e69cb8906b5fdb7e0067c2ec914,https://usegalaxy.org/u/jqsde/h/analysis-copy-seed-what-is-the-maximum-colony-area-predicted-at-the-optimal-frequency-proportion-of-strain-287-in-the-mixtures-according-to-the-best-fitting-model-among-quadratic-cubic-and,False,True,861866d9b81c26796594d2e1969b60efa83b2b8f623b60ec38fcb969e545a8b7
bix-55-q1,2,True,101,,586100,576899,529536,9201,2657213.3333333335,1417139.3333333333,bixbench/run_traces_october06_codex_gpt56_sol_token_optimization/bix_55_q1/galaxy_strict_skills/replicate_2,bbd44e69cb8906b5eb800fd76406b7ea,https://usegalaxy.org/u/jqsde/h/busco-four-proteome-shared-single-copy-orthologs,False,True,f979d58b7f127c96110683a12d03356f779f25968ad8855729cbd544b1ba8673
bix-6-q4,2,True,0.020970981085811226,"[0.001, 0.09]",923409,916201,879104,7208,167221.33333333334,2146050.0,bixbench/run_traces_october06_codex_gpt56_sol_token_optimization/bix_6_q4/galaxy_strict_skills/replicate_2,bbd44e69cb8906b50ae2b0c3aab5187f,https://usegalaxy.org/u/jqsde/h/analysis-spearman-replicate-mageck-p-values-chronic-round-1-1,False,True,195700ec7dc8db671665783dc38d427601f36746f5f7ceb548516cb1d18cf4e1
bix-61-q2,2,True,12.1283,,545797,541858,509568,3939,385441.0,1435070.6666666667,bixbench/run_traces_october06_codex_gpt56_sol_token_optimization/bix_61_q2/galaxy_strict_skills/replicate_2,bbd44e69cb8906b5cd39aab7523dded1,https://usegalaxy.org/u/jqsde/h/mdr-srr35233585-bwa-mem-samtools-depth,False,True,946c8f2a9731295632f889b688ca90042a4eacb16cf17583215e68701af026e9
bix-61-q5,2,False,2.56,,527707,524319,486784,3388,257443.33333333334,511003.6666666667,bixbench/run_traces_october06_codex_gpt56_sol_token_optimization/bix_61_q5/galaxy_strict_skills/replicate_2,bbd44e69cb8906b5359996ca2e2eca13,https://usegalaxy.org/u/jqsde/h/analysis-srr35233585-ts-tv-ratio,False,True,00bb0e652dac74d6fb15b265c40b0a9fb900bbb8d94335db2987fa6ec85a0745
bix-11-q1,3,True,0.0501,,629140,624723,560896,4417,280171.0,1748326.6666666667,bixbench/run_traces_october06_codex_gpt56_sol_token_optimization/bix_11_q1/galaxy_strict_skills/replicate_3,bbd44e69cb8906b5a4169db7f682357e,https://usegalaxy.org/u/jqsde/h/analysis-copy-median-treeness-fungi-versus-animals,False,True,2f3c78e498e71b9bfae97e89c7b53ff482c6e34c6d4ac58c306827ec38785fe4
bix-11-q2,3,True,35.34%,,574174,570355,524800,3819,395146.0,1326220.6666666667,bixbench/run_traces_october06_codex_gpt56_sol_token_optimization/bix_11_q2/galaxy_strict_skills/replicate_3,bbd44e69cb8906b5ea0bcf37e4190008,https://usegalaxy.org/u/jqsde/h/analysis-fungal-gene-treeness-above-0-06-4,False,True,bf2dbca4e64ce05f458dcd21d49a3696c7ce23a4c5f93f9a52b5882d091d8c10
bix-12-q2,3,True,3.5385%,,1694231,1681729,1620224,12502,443873.6666666667,6352309.0,bixbench/run_traces_october06_codex_gpt56_sol_token_optimization/bix_12_q2/galaxy_strict_skills/replicate_3,bbd44e69cb8906b581abd318deaa302b,https://usegalaxy.org/u/jqsde/h/analysis-median-percentage-of-parsimony-informative-sites-across-fungal-gene-alignments,False,True,c1c0f471d5dc217151583196dd65b9216c9307bb1561d0dcd38846c235631d45
bix-12-q4,3,True,6948,,2199199,2185600,2107776,13599,607315.6666666666,7001401.666666667,bixbench/run_traces_october06_codex_gpt56_sol_token_optimization/bix_12_q4/galaxy_strict_skills/replicate_3,bbd44e69cb8906b5a805d8f08b696c31,https://usegalaxy.org/u/jqsde/h/analysis-parsimony-informative-sites-mann-whitney-u,False,True,b6162b8d0170c76c502ed20e4f026c1f3e082569679a1ceb4309719e954d041a
bix-12-q5,3,True,29,,2548229,2532234,2447744,15995,503752.3333333333,3564158.3333333335,bixbench/run_traces_october06_codex_gpt56_sol_token_optimization/bix_12_q5/galaxy_strict_skills/replicate_3,bbd44e69cb8906b561e608fe4b443f4a,https://usegalaxy.org/u/jqsde/h/analysis-maximum-parsimony-informative-sites-in-animal-gene-alignments-4,False,True,4567576ef9c0ce45ccaa2a6fd47716f07c730eebe50bc1b139d24604f330efe0
bix-12-q6,3,True,6748,,2066465,2056863,1985024,9602,450732.0,7375373.333333333,bixbench/run_traces_october06_codex_gpt56_sol_token_optimization/bix_12_q6/galaxy_strict_skills/replicate_3,bbd44e69cb8906b5fbd6b6cd2bea1dbd,https://usegalaxy.org/u/jqsde/h/analysis-mann-whitney-raw-parsimony-informative-sites,False,True,74049e40f9c1b21d327aa5ac7b7dfea5ccbf90eecab73c26ea1c4b61c699eb14
bix-14-q1,3,False,0,"[0.7, 0.8]",1919954,1882655,1770496,37299,498798.6666666667,3649049.6666666665,bixbench/run_traces_october06_codex_gpt56_sol_token_optimization/bix_14_q1/galaxy_strict_skills/replicate_3,bbd44e69cb8906b5c740d87ff4210494,https://usegalaxy.org/u/jqsde/h/analysis-blm-carrier-coding-variants-vaf-below-0-3-synonymous-fraction,False,True,28741e176db78104d5a0dde20b8c224ec69ad4c2601ef2ce80c08bfe896281c1
bix-16-q1,3,True,CDKN1A,,481610,477050,453760,4560,388242.3333333333,860548.0,bixbench/run_traces_october06_codex_gpt56_sol_token_optimization/bix_16_q1/galaxy_strict_skills/replicate_3,bbd44e69cb8906b5d1eefbf2bb576f06,https://usegalaxy.org/u/jqsde/h/analysis-expression-vs-essentiality-spearman-1,False,True,bb50a14b310714b72c6291339331b35e02b70f803bb8d03f406408d3c3fd9286
bix-16-q3,3,True,3,,454879,451048,428160,3831,301401.6666666667,679230.3333333334,bixbench/run_traces_october06_codex_gpt56_sol_token_optimization/bix_16_q3/galaxy_strict_skills/replicate_3,bbd44e69cb8906b5c205f147b6c7e686,https://usegalaxy.org/u/jqsde/h/analysis-expression-essentiality-spearman-0-6-4,False,True,f336bb7a48586ef5440862e84988f7405eb78e735b41dc40a0eacd5371c18850
bix-16-q4,3,True,21.803575469563249%,"[20.0, 25.0]",561835,557380,526848,4455,284060.6666666667,982279.3333333334,bixbench/run_traces_october06_codex_gpt56_sol_token_optimization/bix_16_q4/galaxy_strict_skills/replicate_3,bbd44e69cb8906b5336bd60efe0eadfa,https://usegalaxy.org/u/jqsde/h/analysis-copy-spearman-expression-essentiality-bh,False,True,726357b8d46decfce11d9a6769170e726aa171a5d341385546a8ec60976d293b
bix-17-q2,3,True,2,,1782986,1765435,1698816,17551,355728.0,12102913.333333334,bixbench/run_traces_october06_codex_gpt56_sol_token_optimization/bix_17_q2/galaxy_strict_skills/replicate_3,bbd44e69cb8906b566ba85e71b44538f,https://usegalaxy.org/u/jqsde/h/analysis-blm-carriers-median-somatic-chip-variants-1,False,True,c972c9adb04701b689076f83b4928b83b3863023f7e78b5b386a79908949ff11
bix-18-q1,3,True,0.076,"[0.07, 0.08]",612083,608004,575360,4079,66805.0,1061970.3333333333,bixbench/run_traces_october06_codex_gpt56_sol_token_optimization/bix_18_q1/galaxy_strict_skills/replicate_3,bbd44e69cb8906b5825a2dea2c3eeb16,https://usegalaxy.org/u/jqsde/h/analysis-p-aeruginosa-swarming-mean-area-and-circularity-1,False,True,267b0d045a008798906645fb51a8847cb8d9c0e9659d97fc3c7357e72432a300
bix-18-q3,3,True,71%,"[69.0, 72.0]",413157,409419,387968,3738,81904.66666666667,1014593.0,bixbench/run_traces_october06_codex_gpt56_sol_token_optimization/bix_18_q3/galaxy_strict_skills/replicate_3,bbd44e69cb8906b57cd7017b8e885f71,https://usegalaxy.org/u/jqsde/h/analysis-δlasr-mean-colony-area-reduction-1,False,True,ca01f0af228b87c58de56e11973f040acc1707e448e8c37a2d978d54270c7cd9
bix-20-q3,3,True,1,"[0.8, 1.0]",1666257,1652110,1585024,14147,387320.3333333333,3540902.6666666665,bixbench/run_traces_october06_codex_gpt56_sol_token_optimization/bix_20_q3/galaxy_strict_skills/replicate_3,bbd44e69cb8906b57828b7109c87031a,https://usegalaxy.org/u/jqsde/h/analysis-carrier-blm-somatic-chip-clinvar-benign-proportion-3,False,True,1decc7500974be50b411264474f55069e482eb2f4e7607d02188a1a709f612d4
bix-22-q1,3,True,CD14,,645067,635115,602112,9952,191265.0,738354.0,bixbench/run_traces_october06_codex_gpt56_sol_token_optimization/bix_22_q1/galaxy_strict_skills/replicate_3,bbd44e69cb8906b55c0329383aecbced,https://usegalaxy.org/u/jqsde/h/analysis-gene-length-vs-mean-expression-by-immune-cell-type-1,False,True,a7f2d245122d4c5280bf7e888729d6a9b0ec01c15698eb385c4f8f7653fd2898
bix-22-q4,3,True,0.015815830205872596,"[0.015, 0.025]",825922,818587,779392,7335,181708.0,2050637.0,bixbench/run_traces_october06_codex_gpt56_sol_token_optimization/bix_22_q4/galaxy_strict_skills/replicate_3,bbd44e69cb8906b5bfada52536409db9,https://usegalaxy.org/u/jqsde/h/analysis-cd14-gene-length-vs-mean-expression-pearson-correlation-4,False,True,121610da31f718dbfac334f2fb73d40049a7fc4c3a519d52dce80396839ab2f7
bix-24-q2,3,True,Downregulation,,1296492,1285947,1209216,10545,1523768.3333333333,3678438.0,bixbench/run_traces_october06_codex_gpt56_sol_token_optimization/bix_24_q2/galaxy_strict_skills/replicate_3,bbd44e69cb8906b5b7fe51fc47ba155a,https://usegalaxy.org/u/jqsde/h/cbd-crc-de-and-go-bp-analysis-2,False,True,9d7073793da7cc46e4c61f8875661b105b070c2aed0536185d8b503943889ac3
bix-26-q3,3,True,11,,1479585,1470034,1406080,9551,256880.0,1411327.3333333333,bixbench/run_traces_october06_codex_gpt56_sol_token_optimization/bix_26_q3/galaxy_strict_skills/replicate_3,bbd44e69cb8906b535467326429959cb,https://usegalaxy.org/u/jqsde/h/analysis-feminus-upregulated-kegg-abc-transporters,False,True,e21d61bba911bf40ea10eb2380a1b1f21507237d79fcefb9b2fcf625447aca56
bix-26-q5,3,True,3,,745378,740246,675584,5132,427887.3333333333,1765942.3333333333,bixbench/run_traces_october06_codex_gpt56_sol_token_optimization/bix_26_q5/galaxy_strict_skills/replicate_3,bbd44e69cb8906b519c7354b9ca2183e,https://usegalaxy.org/u/jqsde/h/analysis-p-aeruginosa-kegg-enrichment,False,True,71b75bfa0c6e9bb492805d920f3152fbae2e18a4d4f8da44688f08ea3b85a83e
bix-27-q5,3,True,55.971150241111815%,"[55.0, 56.0]",921110,906781,859648,14329,226130.66666666666,887879.6666666666,bixbench/run_traces_october06_codex_gpt56_sol_token_optimization/bix_27_q5/galaxy_strict_skills/replicate_3,bbd44e69cb8906b54e5dd7eaf59be275,https://usegalaxy.org/u/jqsde/h/pca-100-log10-rosmap-analysis-copy,False,True,543287b8e4fb6765e34c7940ac3413a09a5a26eb60e5315aa9b8d7fc53f3a67f
bix-28-q3,3,True,-30.45505,,720324,715519,679680,4805,519959.0,1338720.3333333333,bixbench/run_traces_october06_codex_gpt56_sol_token_optimization/bix_28_q3/galaxy_strict_skills/replicate_3,bbd44e69cb8906b55caa6c3d3d77560f,https://usegalaxy.org/u/jqsde/h/analysis-phykit-lbs-996662at2759-3,False,True,9d56e65374ef1bc1bef80353fab0434a95a3c32e794666037078fde7ac3fcc81
bix-30-q3,3,True,0:0,,808714,801681,759552,7033,556796.0,3140592.3333333335,bixbench/run_traces_october06_codex_gpt56_sol_token_optimization/bix_30_q3/galaxy_strict_skills/replicate_3,bbd44e69cb8906b542bacea64b33be0d,https://usegalaxy.org/u/jqsde/h/analysis-mirna-bonferroni-vs-by-1,False,True,b1ef7183000e27e6a6d624140c33f4a560869eae361ca36a0291bbcc709e1e3c
bix-31-q2,3,True,-0.06039668606673749,"[-0.07, -0.05]",696123,682725,639872,13398,12697380.333333334,1229117.0,bixbench/run_traces_october06_codex_gpt56_sol_token_optimization/bix_31_q2/galaxy_strict_skills/replicate_3,bbd44e69cb8906b56affc5ff873aafb3,https://usegalaxy.org/u/jqsde/h/pydeseq2-sex-m-vs-f-batch-covariate,False,True,43c50fcd1f2016337ed1f30c23390a100ce2ef0524241e9dcbddc6908327a2a7
bix-32-q2,3,False,2,,1415050,1405243,1308416,9807,482645.0,2678752.3333333335,bixbench/run_traces_october06_codex_gpt56_sol_token_optimization/bix_32_q2/galaxy_strict_skills/replicate_3,bbd44e69cb8906b56280e00e677a900a,https://usegalaxy.org/u/jqsde/h/ora-shared-direction-mutants-97-98-99,False,True,00d0a9a598c8e63137de4ac42d51e75223c143887e22a47c50233a50de733120
bix-34-q2,3,True,2.6322860447,,818987,810809,766720,8178,212171.0,926282.3333333334,bixbench/run_traces_october06_codex_gpt56_sol_token_optimization/bix_34_q2/galaxy_strict_skills/replicate_3,bbd44e69cb8906b51c4f3be3b8720004,https://usegalaxy.org/u/jqsde/h/analysis-median-patristic-distance-981902at2759-4,False,True,08b1c969adb66cfdbbc9c86e9a2d91f98926301d190a11f1e2f4297252906b82
bix-34-q5,3,True,1.9474821091918069,,872056,865050,807296,7006,242837.0,5505451.333333333,bixbench/run_traces_october06_codex_gpt56_sol_token_optimization/bix_34_q5/galaxy_strict_skills/replicate_3,bbd44e69cb8906b5c82363a7beae1f74,https://usegalaxy.org/u/jqsde/h/analysis-median-mean-patristic-distance-ratio-2,False,True,20d482961af7f54610462ebe994c1366e141170cd5c099c73f59eece4d165381
bix-35-q1,3,True,0.0471,,800236,795173,746240,5063,320110.0,1854236.3333333333,bixbench/run_traces_october06_codex_gpt56_sol_token_optimization/bix_35_q1/galaxy_strict_skills/replicate_3,bbd44e69cb8906b5e44d064be2982999,https://usegalaxy.org/u/jqsde/h/analysis-copy-156083at2759-animals-2026-10-05t00,False,True,d0df2e231a135c2a11d4df2701b343e9bcdf473c28f26e11738b822fc297896d
bix-35-q2,3,True,3661,,567030,563490,532096,3540,591364.0,2344176.6666666665,bixbench/run_traces_october06_codex_gpt56_sol_token_optimization/bix_35_q2/galaxy_strict_skills/replicate_3,bbd44e69cb8906b5707c39d8902bd167,https://usegalaxy.org/u/jqsde/h/analysis-phykit-evo-rate-animals-vs-fungi-3,False,True,ab6309856d4234fd91d24c3cf176bd4702872a6d3a42ad04cc04969de995952f
bix-37-q1,3,True,4.81,,560927,555932,525952,4995,130802.0,1335469.0,bixbench/run_traces_october06_codex_gpt56_sol_token_optimization/bix_37_q1/galaxy_strict_skills/replicate_3,bbd44e69cb8906b5f53cfb13a75074de,https://usegalaxy.org/u/jqsde/h/analysis-eno1-tumor-vs-normal-fold-change,False,True,14e95fe29b0ed1f8326980178e8bdff6132744486cdb94eaea32b717cf639d60
bix-37-q4,3,True,2.27,,945117,940691,891520,4426,89927.66666666667,1266816.0,bixbench/run_traces_october06_codex_gpt56_sol_token_optimization/bix_37_q4/galaxy_strict_skills/replicate_3,bbd44e69cb8906b52df7a4744b7e2678,https://usegalaxy.org/u/jqsde/h/analysis-eno1-tumor-vs-normal-proteomics-log2fc-1,False,True,e2e30919623f3348144884e43fa3c1c0a3c8b65c5057fe463ceabf420ef3ece4
bix-38-q1,3,True,2.1775089668753078,,498986,495092,459392,3894,484261.0,1645594.0,bixbench/run_traces_october06_codex_gpt56_sol_token_optimization/bix_38_q1/galaxy_strict_skills/replicate_3,bbd44e69cb8906b5179c35665bb52fd1,https://usegalaxy.org/u/jqsde/h/analysis-phykit-median-tree-length-fungi-vs-animals-3,False,True,419974020e79400d2a0791f3cc37c04399c6faf2fe87f2b52102d96499cdb130
bix-41-q5,3,True,5:1,,608019,603009,537984,5010,87879.66666666667,1561131.3333333333,bixbench/run_traces_october06_codex_gpt56_sol_token_optimization/bix_41_q5/galaxy_strict_skills/replicate_3,bbd44e69cb8906b58441d965516690c4,https://usegalaxy.org/u/jqsde/h/analysis-swarm-2-mean-area-and-circularity-similarity,False,True,a2fa049c9c7a4574555980aa534f40a4d47861408de84ec9ebf0e54a865caf06
bix-43-q2,3,True,5.812405901836796,,894521,883028,823296,11493,1438457.0,1315485.0,bixbench/run_traces_october06_codex_gpt56_sol_token_optimization/bix_43_q2/galaxy_strict_skills/replicate_3,bbd44e69cb8906b58793b1b50a446e8c,https://usegalaxy.org/u/jqsde/h/analysis-pydeseq2-cbd-cisplatin-vs-dmso-reactome-2022,False,True,b6d37724a6b68120acc78b594361fe17b21c9d1c69583798c851be3c7d7823a5
bix-43-q4,3,True,8/49,,885826,876924,832640,8902,928668.3333333334,3685307.0,bixbench/run_traces_october06_codex_gpt56_sol_token_optimization/bix_43_q4/galaxy_strict_skills/replicate_3,bbd44e69cb8906b52342d0cb2346b928,https://usegalaxy.org/u/jqsde/h/analysis-copy-cbd-cisplatin-vs-dmso-reactome-2022,False,True,c388e53b628dc05693bf782aaabb4060b9cf77a1a48993c7c5fd58a6cb79e23e
bix-45-q1,3,False,1.5197572608715265e-56,,491544,487134,452864,4410,1114145.6666666667,1703437.6666666667,bixbench/run_traces_october06_codex_gpt56_sol_token_optimization/bix_45_q1/galaxy_strict_skills/replicate_3,bbd44e69cb8906b5241924a0020fda50,https://usegalaxy.org/u/jqsde/h/analysis-rcv-animal-vs-fungal-orthologs,False,True,5b5b2399afb696cdf90c53bf994c5725570f36593b84ccda9aaf51a879c983ee
bix-46-q4,3,True,-4.10,,639676,631670,594304,8006,306994.3333333333,863177.0,bixbench/run_traces_october06_codex_gpt56_sol_token_optimization/bix_46_q4/galaxy_strict_skills/replicate_3,bbd44e69cb8906b5d4133eba1a607178,https://usegalaxy.org/u/jqsde/h/analysis-pa14-35160-log2fc-in-delta-rhli-2,False,True,01d7da6dfe32d447ed14ea44dbda50ca0944f127afcf15c7b009f1b0c363ad29
bix-47-q3,3,True,NOTCH1,,1273425,1265607,1216640,7818,388493.3333333333,2357028.6666666665,bixbench/run_traces_october06_codex_gpt56_sol_token_optimization/bix_47_q3/galaxy_strict_skills/replicate_3,bbd44e69cb8906b58ef3fad007d21330,https://usegalaxy.org/u/jqsde/h/analysis-oldest-male-carrier-non-reference-variants-by-gene-1,False,True,2944d7a35d6534d2ddc8e40e482d6c9f3307927e3326a282843dfcd7e8c253da
bix-49-q4,3,True,2106,,1981652,1962028,1876736,19624,1011943.0,2465240.6666666665,bixbench/run_traces_october06_codex_gpt56_sol_token_optimization/bix_49_q4/galaxy_strict_skills/replicate_3,bbd44e69cb8906b55698657c60013e05,https://usegalaxy.org/u/jqsde/h/asxl1-deseq2-sex-covariate-apeglm-analysis-3,False,True,d84e374cc832e45e394aaf84a07c9748acfee074ce56cd32b4c02106e6409bbc
bix-51-q2,3,True,111.8124599252796,"[111.8, 111.82]",708220,702126,666368,6094,188360.33333333334,1270983.3333333333,bixbench/run_traces_october06_codex_gpt56_sol_token_optimization/bix_51_q2/galaxy_strict_skills/replicate_3,bbd44e69cb8906b5a3cf6ec385b69f0f,https://usegalaxy.org/u/jqsde/h/aic-bmi-sole-predictor-analysis,False,True,a5f76b84547c3b9e30b4f58e5d07a80428231a875e57701b046e7e17b00961a7
bix-51-q8,3,True,-0.0749539180369506,"[-0.084, -0.064]",1293990,1286897,1216640,7093,245900.66666666666,2723124.6666666665,bixbench/run_traces_october06_codex_gpt56_sol_token_optimization/bix_51_q8/galaxy_strict_skills/replicate_3,bbd44e69cb8906b582c76006afb2bfe9,https://usegalaxy.org/u/jqsde/h/analysis-age-and-camrelizumab-response-logistic-regression-1,False,True,d822f254ee0589429d7a8a7400cdd624ab1f73a821a7527652c0acfb53b0fb1e
bix-52-q2,3,True,1.1282568023118e-07,"[1.03e-07, 1.23e-07]",1513049,1507115,1442176,5934,111515.0,3047072.3333333335,bixbench/run_traces_october06_codex_gpt56_sol_token_optimization/bix_52_q2/galaxy_strict_skills/replicate_3,bbd44e69cb8906b52a70570932a8dd1c,https://usegalaxy.org/u/jqsde/h/analysis-copy-jackdaw-filtered-unique-cpg-chromosome-density-1,False,True,3293c375f17c7bee1ea480ef6e78b870279e022ae9701a5889bea640f9aef138
bix-52-q6,3,True,W,,903464,897982,854400,5482,83534.33333333333,1707629.3333333333,bixbench/run_traces_october06_codex_gpt56_sol_token_optimization/bix_52_q6/galaxy_strict_skills/replicate_3,bbd44e69cb8906b5f6b420651ab05b8e,https://usegalaxy.org/u/jqsde/h/analysis-jackdaw-age-related-cpg-density-3,False,True,49adc63a67ef363dca516ac19d65934f7ef17836146e804531e62521b92b981e
bix-52-q7,3,True,19159,,600852,595804,558208,5048,63473.0,932596.0,bixbench/run_traces_october06_codex_gpt56_sol_token_optimization/bix_52_q7/galaxy_strict_skills/replicate_3,bbd44e69cb8906b584c966ee744e06cc,https://usegalaxy.org/u/jqsde/h/analysis-zebra-finch-extreme-methylation-filter,False,True,cdacd6c7c9b0bf1c72308ad10fe73f97cd8497735201189467a6dbfc551ea125
bix-53-q2,3,True,1481	1931	increase,,938073,929834,876672,8239,993696.0,2551183.6666666665,bixbench/run_traces_october06_codex_gpt56_sol_token_optimization/bix_53_q2/galaxy_strict_skills/replicate_3,bbd44e69cb8906b5d40007f144499b40,https://usegalaxy.org/u/jqsde/h/deseq2-kl-vs-wl-full-and-no-replicate3,False,True,8fbc03352f7e2e2e44c10142dc2f0be804dd126eb88378e8d657f46619d9ef38
bix-53-q5,3,True,0.1,,2001667,1991175,1915136,10492,785250.6666666666,4398002.333333333,bixbench/run_traces_october06_codex_gpt56_sol_token_optimization/bix_53_q5/galaxy_strict_skills/replicate_3,bbd44e69cb8906b5d58d26a77321ba16,https://usegalaxy.org/u/jqsde/h/analysis-oxidative-pathway-fraction,False,True,8d753b65050ea1999c85be7d47b546c080a1e79a4844a37a4ed9ca6cb55d02b3
bix-54-q7,3,False,178983.92508159668,"[184000.0, 185000.0]",536115,524755,463872,11360,117070.66666666667,1266729.0,bixbench/run_traces_october06_codex_gpt56_sol_token_optimization/bix_54_q7/galaxy_strict_skills/replicate_3,bbd44e69cb8906b5f8be7f4e94e69519,https://usegalaxy.org/u/jqsde/h/analysis-copy-swarm-2-model-comparison-1,False,True,2a5974a7ccbc66e209a6d8418b0d54ef4ab74d11789a37f71ab854de1cee0263
bix-55-q1,3,True,101,,887619,872244,827136,15375,2657213.3333333335,1417139.3333333333,bixbench/run_traces_october06_codex_gpt56_sol_token_optimization/bix_55_q1/galaxy_strict_skills/replicate_3,bbd44e69cb8906b57ca2b4a9743f6499,https://usegalaxy.org/u/jqsde/h/busco-four-proteomes-eukaryota-odb10,False,True,d4eb126182b852ae51785e827ebec597c68da6b19ef386678fb27b22ea0b7961
bix-6-q4,3,True,0.020970981085811226,"[0.001, 0.09]",800149,793759,757376,6390,167221.33333333334,2146050.0,bixbench/run_traces_october06_codex_gpt56_sol_token_optimization/bix_6_q4/galaxy_strict_skills/replicate_3,bbd44e69cb8906b58f250fe39f06a84e,https://usegalaxy.org/u/jqsde/h/analysis-spearman-replicate-mageck-p-values-chronic-round-1-2,False,True,7479a91a6ed8035cc39db19ade6671c9e0f1415f4c2f71dfa7d8af54308cbe38
bix-61-q2,3,True,12.1283,,619862,614942,578176,4920,385441.0,1435070.6666666667,bixbench/run_traces_october06_codex_gpt56_sol_token_optimization/bix_61_q2/galaxy_strict_skills/replicate_3,bbd44e69cb8906b5e02d5171a88f49c5,https://usegalaxy.org/u/jqsde/h/analysis-srr35233585-bwa-mem-average-coverage,False,True,d6a25227b1803360c8d37b8255283f2469b4720d54af7fd4da5c43ecfa64b46b
bix-61-q5,3,False,2.56,,292321,289291,271616,3030,257443.33333333334,511003.6666666667,bixbench/run_traces_october06_codex_gpt56_sol_token_optimization/bix_61_q5/galaxy_strict_skills/replicate_3,bbd44e69cb8906b5f518c58760f12757,https://usegalaxy.org/u/jqsde/h/tstv-srr35233585-analysis,False,True,f596c8a5b40fced8841dbeafb7c0f186e31e6b5c90fd45e75af2aae989d5fd93
