benchmark,tool_id_base,calls,calls_with_param_prov_check,param_prov_mismatch,validation_stage_mismatch,post_run_mismatch,dataset_prov_mismatch,any_prov_mismatch,calls_with_substitution,ok_calls,rate,rate_among_checked,any_rate
BixBench50,Cut1,497,478,0,0,0,0,0,0,472,0.0,0.0,0.0
BixBench50,toolshed.g2.bx.psu.edu/repos/iuc/filter_tabular/filter_tabular,446,413,331,286,45,0,331,1,82,0.7422,0.8015,0.7422
BixBench50,toolshed.g2.bx.psu.edu/repos/ufz/xlsx2tsv/xlsx2tsv,416,388,1,1,0,1,2,0,386,0.0024,0.0026,0.0048
BixBench50,toolshed.g2.bx.psu.edu/repos/goeckslab/phykit_metrics/phykit_metrics,410,393,283,206,77,46,283,172,110,0.6902,0.7201,0.6902
BixBench50,toolshed.g2.bx.psu.edu/repos/goeckslab/kegg_ora/kegg_ora,293,293,88,71,17,3,88,88,162,0.3003,0.3003,0.3003
BixBench50,toolshed.g2.bx.psu.edu/repos/iuc/deseq2/deseq2,281,263,234,149,85,2,234,134,23,0.8327,0.8897,0.8327
BixBench50,toolshed.g2.bx.psu.edu/repos/iuc/datamash_ops/datamash_ops,269,242,218,181,37,0,218,105,24,0.8104,0.9008,0.8104
BixBench50,Filter1,212,209,1,1,0,0,1,0,208,0.0047,0.0048,0.0047
BixBench50,toolshed.g2.bx.psu.edu/repos/iuc/table_compute/table_compute,190,169,38,32,6,0,38,31,124,0.2,0.2249,0.2
BixBench50,toolshed.g2.bx.psu.edu/repos/imgteam/unzip/unzip,179,166,94,71,23,0,94,87,71,0.5251,0.5663,0.5251
BixBench50,Grouping1,163,152,127,103,24,0,127,17,19,0.7791,0.8355,0.7791
BixBench50,toolshed.g2.bx.psu.edu/repos/devteam/column_maker/Add_a_column1,139,132,108,75,33,0,108,51,21,0.777,0.8182,0.777
BixBench50,toolshed.g2.bx.psu.edu/repos/goeckslab/rds_to_tabular/rds_to_tabular,118,106,4,0,4,0,4,4,101,0.0339,0.0377,0.0339
BixBench50,toolshed.g2.bx.psu.edu/repos/goeckslab/featurewise_correlation/featurewise_correlation,116,116,0,0,0,0,0,0,82,0.0,0.0,0.0
BixBench50,csv_to_tabular,110,98,5,4,1,4,9,0,89,0.0455,0.051,0.0818
BixBench50,toolshed.g2.bx.psu.edu/repos/goeckslab/gseapy_enrichr/gseapy_enrichr,82,81,28,25,3,0,28,28,46,0.3415,0.3457,0.3415
BixBench50,toolshed.g2.bx.psu.edu/repos/goeckslab/nonparametric_rank_tests/nonparametric_rank_tests,81,80,31,23,8,3,31,31,48,0.3827,0.3875,0.3827
BixBench50,toolshed.g2.bx.psu.edu/repos/padge/phykit/phykit_alignment_based,71,34,22,18,4,3,22,15,12,0.3099,0.6471,0.3099
BixBench50,Remove beginning1,65,65,1,0,1,0,1,0,64,0.0154,0.0154,0.0154
BixBench50,join1,53,50,9,3,6,0,9,9,41,0.1698,0.18,0.1698
BixBench50,Summary_Statistics1,51,51,0,0,0,0,0,0,50,0.0,0.0,0.0
BixBench50,toolshed.g2.bx.psu.edu/repos/galaxyp/regex_find_replace/regexColumn1,50,46,41,36,5,0,41,0,5,0.82,0.8913,0.82
BixBench50,Grep1,49,49,0,0,0,0,0,0,49,0.0,0.0,0.0
BixBench50,toolshed.g2.bx.psu.edu/repos/iuc/busco/busco,47,45,19,14,5,0,19,19,22,0.4043,0.4222,0.4043
BixBench50,toolshed.g2.bx.psu.edu/repos/iuc/gprofiler_gost/gprofiler_gost,40,40,10,8,2,2,10,10,24,0.25,0.25,0.25
BixBench50,toolshed.g2.bx.psu.edu/repos/devteam/bwa/bwa_mem,36,35,21,18,3,3,21,21,14,0.5833,0.6,0.5833
BixBench50,Count1,33,30,21,18,3,0,21,2,9,0.6364,0.7,0.6364
BixBench50,toolshed.g2.bx.psu.edu/repos/iuc/column_remove_by_header/column_remove_by_header,31,31,31,27,4,0,31,0,0,1.0,1.0,1.0
BixBench50,toolshed.g2.bx.psu.edu/repos/bgruening/text_processing/tp_cut_tool,29,4,4,3,1,0,4,0,0,0.1379,1.0,0.1379
BixBench50,toolshed.g2.bx.psu.edu/repos/bgruening/text_processing/tp_sort_header_tool,29,29,16,10,6,1,17,11,12,0.5517,0.5517,0.5862
BixBench50,toolshed.g2.bx.psu.edu/repos/padge/phykit/phykit_tree_based,27,23,11,10,1,0,11,10,11,0.4074,0.4783,0.4074
BixBench50,__BUILD_LIST__,25,24,18,17,1,0,18,1,6,0.72,0.75,0.72
BixBench50,toolshed.g2.bx.psu.edu/repos/bgruening/sklearn_generalized_linear/sklearn_generalized_linear,25,12,2,1,1,0,2,0,9,0.08,0.1667,0.08
BixBench50,toolshed.g2.bx.psu.edu/repos/bgruening/text_processing/tp_tail_tool,24,24,0,0,0,0,0,0,24,0.0,0.0,0.0
BixBench50,toolshed.g2.bx.psu.edu/repos/bgruening/text_processing/tp_grep_tool,23,23,0,0,0,0,0,0,23,0.0,0.0,0.0
BixBench50,toolshed.g2.bx.psu.edu/repos/iuc/calculate_numeric_param/calculate_numeric_param,22,5,4,3,1,0,4,0,1,0.1818,0.8,0.1818
BixBench50,toolshed.g2.bx.psu.edu/repos/bgruening/text_processing/tp_find_and_replace,21,21,19,13,6,0,19,6,2,0.9048,0.9048,0.9048
BixBench50,toolshed.g2.bx.psu.edu/repos/iuc/annotatemyids/annotatemyids,21,21,0,0,0,0,0,0,21,0.0,0.0,0.0
BixBench50,toolshed.g2.bx.psu.edu/repos/iuc/bcftools_stats/bcftools_stats,21,19,11,6,5,0,11,10,8,0.5238,0.5789,0.5238
BixBench50,toolshed.g2.bx.psu.edu/repos/iuc/edger/edger,21,7,5,3,2,0,5,1,1,0.2381,0.7143,0.2381
BixBench50,wc_gnu,21,21,0,0,0,0,0,0,21,0.0,0.0,0.0
CompBio,toolshed.g2.bx.psu.edu/repos/iuc/filter_tabular/filter_tabular,703,662,392,284,108,2,394,0,265,0.5576,0.5921,0.5605
CompBio,toolshed.g2.bx.psu.edu/repos/iuc/datamash_ops/datamash_ops,447,418,310,242,68,0,310,161,99,0.6935,0.7416,0.6935
CompBio,toolshed.g2.bx.psu.edu/repos/iuc/anndata_inspect/anndata_inspect,374,365,113,89,24,0,113,102,238,0.3021,0.3096,0.3021
CompBio,Cut1,327,324,0,0,0,0,0,0,310,0.0,0.0,0.0
CompBio,toolshed.g2.bx.psu.edu/repos/bgruening/text_processing/tp_grep_tool,303,296,2,2,0,0,2,0,293,0.0066,0.0068,0.0066
CompBio,toolshed.g2.bx.psu.edu/repos/devteam/column_maker/Add_a_column1,297,280,222,160,62,0,222,107,54,0.7475,0.7929,0.7475
CompBio,toolshed.g2.bx.psu.edu/repos/iuc/bedtools/bedtools_intersectbed,256,253,35,18,17,5,39,6,193,0.1367,0.1383,0.1523
CompBio,toolshed.g2.bx.psu.edu/repos/bgruening/text_processing/tp_sort_header_tool,228,209,176,147,29,0,176,104,33,0.7719,0.8421,0.7719
CompBio,Grouping1,216,197,157,99,58,0,157,0,38,0.7269,0.797,0.7269
CompBio,toolshed.g2.bx.psu.edu/repos/devteam/bwa/bwa_mem,185,175,92,78,14,11,92,92,59,0.4973,0.5257,0.4973
CompBio,Filter1,179,176,0,0,0,0,0,0,176,0.0,0.0,0.0
CompBio,wc_gnu,177,177,0,0,0,0,0,0,177,0.0,0.0,0.0
CompBio,Grep1,171,170,0,0,0,0,0,0,167,0.0,0.0,0.0
CompBio,toolshed.g2.bx.psu.edu/repos/iuc/extract_genomic_dna/Extract genomic DNA 1,168,83,7,6,1,1,7,7,53,0.0417,0.0843,0.0417
CompBio,toolshed.g2.bx.psu.edu/repos/iuc/scanpy_inspect/scanpy_inspect,164,163,11,7,4,3,12,10,141,0.0671,0.0675,0.0732
CompBio,upload1,153,128,128,84,44,0,128,17,0,0.8366,1.0,0.8366
CompBio,Summary_Statistics1,152,152,0,0,0,0,0,0,147,0.0,0.0,0.0
CompBio,toolshed.g2.bx.psu.edu/repos/bgruening/text_processing/tp_head_tool,150,149,5,5,0,3,8,0,140,0.0333,0.0336,0.0533
CompBio,toolshed.g2.bx.psu.edu/repos/iuc/samtools_view/samtools_view,150,148,39,28,11,0,39,31,107,0.26,0.2635,0.26
CompBio,toolshed.g2.bx.psu.edu/repos/iuc/bcftools_query/bcftools_query,136,93,14,10,4,0,14,2,76,0.1029,0.1505,0.1029
CompBio,CONVERTER_gz_to_uncompressed,115,112,0,0,0,3,3,0,77,0.0,0.0,0.0261
CompBio,sort1,114,111,7,6,1,0,7,0,104,0.0614,0.0631,0.0614
CompBio,Count1,113,90,78,51,27,0,78,1,12,0.6903,0.8667,0.6903
CompBio,toolshed.g2.bx.psu.edu/repos/goeckslab/gseapy_enrichr/gseapy_enrichr,103,101,16,10,6,1,16,16,85,0.1553,0.1584,0.1553
CompBio,join1,97,95,1,1,0,0,1,1,94,0.0103,0.0105,0.0103
CompBio,toolshed.g2.bx.psu.edu/repos/iuc/bedtools/bedtools_getfastabed,95,76,3,1,2,0,3,2,70,0.0316,0.0395,0.0316
CompBio,toolshed.g2.bx.psu.edu/repos/iuc/kraken2/kraken2,95,92,56,51,5,0,56,56,35,0.5895,0.6087,0.5895
CompBio,toolshed.g2.bx.psu.edu/repos/bgruening/salmon/salmon,90,59,3,3,0,0,3,1,51,0.0333,0.0508,0.0333
CompBio,toolshed.g2.bx.psu.edu/repos/bgruening/text_processing/tp_cut_tool,90,62,25,13,12,0,25,0,37,0.2778,0.4032,0.2778
CompBio,toolshed.g2.bx.psu.edu/repos/iuc/bcftools_norm/bcftools_norm,90,79,26,17,9,2,26,24,26,0.2889,0.3291,0.2889
CompBio,toolshed.g2.bx.psu.edu/repos/devteam/samtools_idxstats/samtools_idxstats,87,86,0,0,0,2,2,0,84,0.0,0.0,0.023
CompBio,toolshed.g2.bx.psu.edu/repos/iuc/table_compute/table_compute,84,81,12,7,5,2,12,11,48,0.1429,0.1481,0.1429
CompBio,toolshed.g2.bx.psu.edu/repos/iuc/macs2/macs2_callpeak,80,80,27,21,6,5,27,26,53,0.3375,0.3375,0.3375
CompBio,toolshed.g2.bx.psu.edu/repos/galaxyp/regex_find_replace/regex1,78,69,37,34,3,0,37,0,31,0.4744,0.5362,0.4744
CompBio,toolshed.g2.bx.psu.edu/repos/bgruening/text_processing/tp_easyjoin_tool,77,75,0,0,0,1,1,0,74,0.0,0.0,0.013
CompBio,toolshed.g2.bx.psu.edu/repos/iuc/snapatac2_preprocessing/snapatac2_preprocessing,70,52,0,0,0,0,0,0,50,0.0,0.0,0.0
CompBio,toolshed.g2.bx.psu.edu/repos/iuc/meme_fimo/meme_fimo,69,62,9,8,1,1,9,7,47,0.1304,0.1452,0.1304
CompBio,toolshed.g2.bx.psu.edu/repos/iuc/scanpy_filter/scanpy_filter,69,64,25,13,12,2,25,25,39,0.3623,0.3906,0.3623
CompBio,comp1,66,62,5,5,0,0,5,5,57,0.0758,0.0806,0.0758
CompBio,toolshed.g2.bx.psu.edu/repos/devteam/bowtie2/bowtie2,66,64,17,14,3,3,17,16,46,0.2576,0.2656,0.2576
CompBio,toolshed.g2.bx.psu.edu/repos/goeckslab/featurewise_correlation/featurewise_correlation,65,65,0,0,0,0,0,0,48,0.0,0.0,0.0
CompBio,toolshed.g2.bx.psu.edu/repos/iuc/anndata_export/anndata_export,65,65,0,0,0,0,0,0,30,0.0,0.0,0.0
CompBio,toolshed.g2.bx.psu.edu/repos/devteam/samtools_flagstat/samtools_flagstat,64,63,0,0,0,0,0,0,63,0.0,0.0,0.0
CompBio,toolshed.g2.bx.psu.edu/repos/iuc/ncbi_datasets/datasets_download_gene,64,35,0,0,0,0,0,0,24,0.0,0.0,0.0
CompBio,Paste1,63,62,0,0,0,0,0,0,58,0.0,0.0,0.0
CompBio,toolshed.g2.bx.psu.edu/repos/iuc/rgrnastar/rna_star,63,51,19,14,5,5,19,19,31,0.3016,0.3725,0.3016
CompBio,toolshed.g2.bx.psu.edu/repos/devteam/fastqc/fastqc,62,55,1,1,0,0,1,0,54,0.0161,0.0182,0.0161
CompBio,toolshed.g2.bx.psu.edu/repos/devteam/ncbi_blast_plus/ncbi_blastn_wrapper,62,30,1,0,1,0,1,0,26,0.0161,0.0333,0.0161
CompBio,toolshed.g2.bx.psu.edu/repos/iuc/anndata_import/anndata_import,61,35,0,0,0,0,0,0,23,0.0,0.0,0.0
CompBio,toolshed.g2.bx.psu.edu/repos/iuc/bedtools/bedtools_genomecoveragebed,61,59,19,16,3,2,19,19,36,0.3115,0.322,0.3115
CompBio,toolshed.g2.bx.psu.edu/repos/iuc/datamash_transpose/datamash_transpose,60,54,0,0,0,0,0,0,49,0.0,0.0,0.0
CompBio,toolshed.g2.bx.psu.edu/repos/iuc/hisat2/hisat2,58,57,18,15,3,1,18,18,33,0.3103,0.3158,0.3103
CompBio,toolshed.g2.bx.psu.edu/repos/iuc/bcftools_view/bcftools_view,57,51,12,9,3,0,12,8,37,0.2105,0.2353,0.2105
CompBio,toolshed.g2.bx.psu.edu/repos/iuc/bcftools_gtcheck/bcftools_gtcheck,55,54,5,4,1,0,5,1,15,0.0909,0.0926,0.0909
CompBio,toolshed.g2.bx.psu.edu/repos/iuc/bedtools/bedtools_groupbybed,55,54,0,0,0,0,0,0,51,0.0,0.0,0.0
CompBio,toolshed.g2.bx.psu.edu/repos/devteam/emboss_5/EMBOSS: fuzznuc37,53,53,1,1,0,0,1,1,32,0.0189,0.0189,0.0189
CompBio,toolshed.g2.bx.psu.edu/repos/ufz/xlsx2tsv/xlsx2tsv,53,49,0,0,0,1,1,0,48,0.0,0.0,0.0189
CompBio,toolshed.g2.bx.psu.edu/repos/iuc/minimap2/minimap2,52,52,16,12,4,4,16,15,36,0.3077,0.3077,0.3077
CompBio,toolshed.g2.bx.psu.edu/repos/devteam/freebayes/freebayes,51,45,3,2,1,0,3,0,34,0.0588,0.0667,0.0588
CompBio,Show beginning1,49,49,0,0,0,0,0,0,49,0.0,0.0,0.0
CompBio,toolshed.g2.bx.psu.edu/repos/iuc/bedtools/bedtools_sortbed,49,49,6,6,0,0,6,0,41,0.1224,0.1224,0.1224
CompBio,toolshed.g2.bx.psu.edu/repos/imgteam/unzip/unzip,48,47,12,10,2,0,12,12,30,0.25,0.2553,0.25
CompBio,toolshed.g2.bx.psu.edu/repos/iuc/query_tabular/query_tabular,47,39,0,0,0,0,0,0,39,0.0,0.0,0.0
CompBio,toolshed.g2.bx.psu.edu/repos/iuc/bcftools_mpileup/bcftools_mpileup,46,42,17,14,3,1,17,10,24,0.3696,0.4048,0.3696
CompBio,toolshed.g2.bx.psu.edu/repos/bgruening/imagemagick_image_convert/imagemagick_image_convert,45,45,3,0,3,0,3,3,42,0.0667,0.0667,0.0667
CompBio,toolshed.g2.bx.psu.edu/repos/bgruening/text_processing/tp_find_and_replace,44,40,30,23,7,0,30,12,10,0.6818,0.75,0.6818
CompBio,toolshed.g2.bx.psu.edu/repos/iuc/bedtools/bedtools_mergebed,44,43,1,1,0,0,1,0,34,0.0227,0.0233,0.0227
CompBio,toolshed.g2.bx.psu.edu/repos/devteam/samtools_mpileup/samtools_mpileup,41,31,3,2,1,0,3,2,28,0.0732,0.0968,0.0732
CompBio,cat1,40,34,0,0,0,4,4,0,30,0.0,0.0,0.1
CompBio,csv_to_tabular,40,40,0,0,0,2,2,0,38,0.0,0.0,0.05
CompBio,toolshed.g2.bx.psu.edu/repos/ebi-gxa/gtf2gene_list/_ensembl_gtf2gene_list,40,40,8,1,7,3,8,8,32,0.2,0.2,0.2
CompBio,toolshed.g2.bx.psu.edu/repos/iuc/anndata_manipulate/anndata_manipulate,40,39,13,10,3,0,13,8,25,0.325,0.3333,0.325
CompBio,CONVERTER_archive_to_directory,39,35,1,1,0,0,1,0,33,0.0256,0.0286,0.0256
CompBio,toolshed.g2.bx.psu.edu/repos/bgruening/text_processing/tp_text_file_with_recurring_lines,37,36,32,27,5,0,32,19,4,0.8649,0.8889,0.8649
CompBio,toolshed.g2.bx.psu.edu/repos/iuc/scanpy_cluster_reduce_dimension/scanpy_cluster_reduce_dimension,37,37,2,1,1,0,2,2,34,0.0541,0.0541,0.0541
CompBio,toolshed.g2.bx.psu.edu/repos/iuc/meme_meme/meme_meme,36,26,12,10,2,0,12,11,12,0.3333,0.4615,0.3333
CompBio,toolshed.g2.bx.psu.edu/repos/iuc/scanpy_normalize/scanpy_normalize,36,35,9,7,2,0,9,9,23,0.25,0.2571,0.25
CompBio,toolshed.g2.bx.psu.edu/repos/devteam/fastq_stats/fastq_stats,35,34,0,0,0,0,0,0,32,0.0,0.0,0.0
CompBio,toolshed.g2.bx.psu.edu/repos/devteam/fastq_to_tabular/fastq_to_tabular,35,35,0,0,0,0,0,0,35,0.0,0.0,0.0
CompBio,toolshed.g2.bx.psu.edu/repos/iuc/snpeff/snpEff,35,34,0,0,0,0,0,0,31,0.0,0.0,0.0
CompBio,toolshed.g2.bx.psu.edu/repos/iuc/snpsift/snpSift_filter,35,33,5,4,1,0,5,0,28,0.1429,0.1515,0.1429
CompBio,toolshed.g2.bx.psu.edu/repos/devteam/fasta_compute_length/fasta_compute_length,34,34,3,3,0,0,3,2,31,0.0882,0.0882,0.0882
CompBio,toolshed.g2.bx.psu.edu/repos/iuc/fasta_stats/fasta-stats,34,34,0,0,0,0,0,0,34,0.0,0.0,0.0
CompBio,toolshed.g2.bx.psu.edu/repos/iuc/mosdepth/mosdepth,34,34,7,6,1,0,7,5,27,0.2059,0.2059,0.2059
CompBio,ucsc_bigbedtobed,34,32,0,0,0,0,0,0,32,0.0,0.0,0.0
CompBio,toolshed.g2.bx.psu.edu/repos/bgruening/text_processing/tp_replace_in_line,32,30,16,11,5,0,16,0,14,0.5,0.5333,0.5
CompBio,toolshed.g2.bx.psu.edu/repos/iuc/bedtools/bedtools_makewindowsbed,32,20,8,6,2,1,8,8,12,0.25,0.4,0.25
CompBio,toolshed.g2.bx.psu.edu/repos/bgruening/music_construct_eset/music_construct_eset,31,31,0,0,0,0,0,0,24,0.0,0.0,0.0
CompBio,toolshed.g2.bx.psu.edu/repos/bgruening/text_processing/tp_cat,31,28,0,0,0,1,1,0,27,0.0,0.0,0.0323
CompBio,toolshed.g2.bx.psu.edu/repos/devteam/weblogo3/rgweblogo3,31,31,4,0,4,0,4,4,21,0.129,0.129,0.129
CompBio,toolshed.g2.bx.psu.edu/repos/imgteam/points2binaryimage/ip_points_to_binaryimage,31,30,0,0,0,0,0,0,30,0.0,0.0,0.0
CompBio,toolshed.g2.bx.psu.edu/repos/iuc/bedtools/bedtools_jaccard,31,31,0,0,0,0,0,0,11,0.0,0.0,0.0
CompBio,toolshed.g2.bx.psu.edu/repos/iuc/bcftools_call/bcftools_call,30,28,3,3,0,0,3,3,22,0.1,0.1071,0.1
CompBio,toolshed.g2.bx.psu.edu/repos/bgruening/text_processing/nl,29,29,0,0,0,0,0,0,29,0.0,0.0,0.0
CompBio,toolshed.g2.bx.psu.edu/repos/iuc/bedops_sortbed/bedops-sort-bed,29,29,0,0,0,0,0,0,25,0.0,0.0,0.0
CompBio,toolshed.g2.bx.psu.edu/repos/iuc/bedtools/bedtools_coveragebed,28,28,1,1,0,2,3,0,22,0.0357,0.0357,0.1071
CompBio,toolshed.g2.bx.psu.edu/repos/iuc/gtftobed12/gtftobed12,28,28,8,6,2,0,8,7,17,0.2857,0.2857,0.2857
CompBio,Convert characters1,27,26,0,0,0,0,0,0,26,0.0,0.0,0.0
CompBio,toolshed.g2.bx.psu.edu/repos/bgruening/text_processing/tp_tail_tool,27,27,1,1,0,0,1,0,23,0.037,0.037,0.037
CompBio,ucsc_table_direct1,27,27,5,3,2,0,5,2,21,0.1852,0.1852,0.1852
CompBio,toolshed.g2.bx.psu.edu/repos/iuc/ncbi_datasets/datasets_download_genome,26,17,0,0,0,0,0,0,10,0.0,0.0,0.0
CompBio,toolshed.g2.bx.psu.edu/repos/bgruening/deeptools_multi_bigwig_summary/deeptools_multi_bigwig_summary,25,5,0,0,0,0,0,0,5,0.0,0.0,0.0
CompBio,toolshed.g2.bx.psu.edu/repos/devteam/samtools_stats/samtools_stats,25,25,0,0,0,0,0,0,25,0.0,0.0,0.0
CompBio,toolshed.g2.bx.psu.edu/repos/iuc/bwa_mem2/bwa_mem2,25,16,9,8,1,1,9,9,1,0.36,0.5625,0.36
CompBio,Remove beginning1,23,23,0,0,0,0,0,0,23,0.0,0.0,0.0
CompBio,gff_filter_by_attribute,23,22,0,0,0,0,0,0,22,0.0,0.0,0.0
CompBio,toolshed.g2.bx.psu.edu/repos/bgruening/music_deconvolution/music_deconvolution,23,22,6,5,1,0,6,6,6,0.2609,0.2727,0.2609
CompBio,toolshed.g2.bx.psu.edu/repos/galaxyp/filter_by_fasta_ids/filter_by_fasta_ids,23,23,1,1,0,0,1,1,22,0.0435,0.0435,0.0435
CompBio,toolshed.g2.bx.psu.edu/repos/iuc/featurecounts/featurecounts,23,22,1,1,0,0,1,0,21,0.0435,0.0455,0.0435
CompBio,toolshed.g2.bx.psu.edu/repos/bgruening/add_line_to_file/add_line_to_file,22,22,0,0,0,0,0,0,22,0.0,0.0,0.0
CompBio,toolshed.g2.bx.psu.edu/repos/iuc/annotatemyids/annotatemyids,22,21,0,0,0,0,0,0,13,0.0,0.0,0.0
CompBio,toolshed.g2.bx.psu.edu/repos/iuc/bcftools_merge/bcftools_merge,22,22,6,5,1,1,6,3,15,0.2727,0.2727,0.2727
CompBio,toolshed.g2.bx.psu.edu/repos/bgruening/alevin/alevin,21,20,7,5,2,2,7,7,4,0.3333,0.35,0.3333
CompBio,toolshed.g2.bx.psu.edu/repos/bgruening/model_prediction/model_prediction,21,18,0,0,0,0,0,0,11,0.0,0.0,0.0
CompBio,toolshed.g2.bx.psu.edu/repos/iuc/bedtools/bedtools_slopbed,21,21,4,4,0,0,4,4,16,0.1905,0.1905,0.1905
CompBio,toolshed.g2.bx.psu.edu/repos/iuc/seqkit_grep/seqkit_grep,21,17,0,0,0,0,0,0,16,0.0,0.0,0.0
CompBio,toolshed.g2.bx.psu.edu/repos/bgruening/sklearn_pairwise_metrics/sklearn_pairwise_metrics,20,19,2,2,0,0,2,2,11,0.1,0.1053,0.1
CompBio,toolshed.g2.bx.psu.edu/repos/devteam/fasta_to_tabular/fasta2tab,20,20,0,0,0,0,0,0,20,0.0,0.0,0.0
CompBio,toolshed.g2.bx.psu.edu/repos/iuc/bcftools_query_list_samples/bcftools_query_list_samples,20,20,0,0,0,0,0,0,17,0.0,0.0,0.0
CompBio,toolshed.g2.bx.psu.edu/repos/iuc/seurat_data/seurat_data,20,20,8,5,3,0,8,8,7,0.4,0.4,0.4
IWC,toolshed.g2.bx.psu.edu/repos/bgruening/text_processing/tp_awk_tool,115,115,0,0,0,0,0,0,115,0.0,0.0,0.0
IWC,toolshed.g2.bx.psu.edu/repos/iuc/fastp/fastp,112,107,65,39,26,0,65,54,6,0.5804,0.6075,0.5804
IWC,toolshed.g2.bx.psu.edu/repos/iuc/anndata_inspect/anndata_inspect,61,48,22,15,7,0,22,21,24,0.3607,0.4583,0.3607
IWC,toolshed.g2.bx.psu.edu/repos/iuc/pysradb_search/pysradb_search,54,54,40,19,21,0,40,40,14,0.7407,0.7407,0.7407
IWC,toolshed.g2.bx.psu.edu/repos/galaxyp/pepquery2/pepquery2,53,49,30,11,19,19,30,28,18,0.566,0.6122,0.566
IWC,Cut1,48,48,0,0,0,0,0,0,47,0.0,0.0,0.0
IWC,toolshed.g2.bx.psu.edu/repos/devteam/bowtie2/bowtie2,48,47,24,14,10,0,24,22,7,0.5,0.5106,0.5
IWC,toolshed.g2.bx.psu.edu/repos/iuc/deseq2/deseq2,45,45,35,19,16,2,35,15,8,0.7778,0.7778,0.7778
IWC,toolshed.g2.bx.psu.edu/repos/iuc/edger/edger,44,23,18,8,10,0,18,5,4,0.4091,0.7826,0.4091
IWC,toolshed.g2.bx.psu.edu/repos/bgruening/mitohifi/mitohifi,35,34,23,14,9,0,23,21,9,0.6571,0.6765,0.6571
IWC,toolshed.g2.bx.psu.edu/repos/iuc/staramr/staramr_search,35,35,26,16,10,0,26,22,9,0.7429,0.7429,0.7429
IWC,toolshed.g2.bx.psu.edu/repos/bgruening/text_processing/tp_head_tool,31,30,0,0,0,4,4,0,26,0.0,0.0,0.129
IWC,toolshed.g2.bx.psu.edu/repos/iuc/filter_tabular/filter_tabular,25,24,19,18,1,0,19,0,5,0.76,0.7917,0.76
IWC,Filter1,21,21,0,0,0,0,0,0,21,0.0,0.0,0.0
