panel,benchmark,condition,group,measure,value,ci95_low,ci95_high,n
a,BixBench50,galaxy,,runs: verified,12.0000,,,
a,BixBench50,galaxy,,runs: probable,10.0000,,,
a,BixBench50,galaxy,,runs: attempted,16.0000,,,
a,BixBench50,galaxy,,runs: none,562.0000,,,
a,BixBench50,custom_code,,runs: verified,1.0000,,,
a,BixBench50,custom_code,,runs: probable,11.0000,,,
a,BixBench50,custom_code,,runs: attempted,26.0000,,,
a,BixBench50,custom_code,,runs: none,562.0000,,,
a,CompBio,galaxy,,runs: verified,11.0000,,,
a,CompBio,galaxy,,runs: probable,9.0000,,,
a,CompBio,galaxy,,runs: attempted,52.0000,,,
a,CompBio,galaxy,,runs: none,1128.0000,,,
a,CompBio,custom_code,,runs: verified,19.0000,,,
a,CompBio,custom_code,,runs: probable,21.0000,,,
a,CompBio,custom_code,,runs: attempted,183.0000,,,
a,CompBio,custom_code,,runs: none,977.0000,,,
a,IWC,galaxy,,runs: verified,0.0000,,,
a,IWC,galaxy,,runs: probable,0.0000,,,
a,IWC,galaxy,,runs: attempted,0.0000,,,
a,IWC,galaxy,,runs: none,120.0000,,,
a,IWC,custom_code,,runs: verified,0.0000,,,
a,IWC,custom_code,,runs: probable,0.0000,,,
a,IWC,custom_code,,runs: attempted,0.0000,,,
a,IWC,custom_code,,runs: none,120.0000,,,
b,BixBench50,galaxy-custom_code,All runs,runs_correct_difference_points,0.5000,-3.9116,4.8333,1200.0000
b,BixBench50,galaxy-custom_code,Without verified or probable exposure,runs_correct_difference_points,0.6444,-3.9683,5.1011,1166.0000
b,BixBench50,galaxy-custom_code,Without any benchmark search,runs_correct_difference_points,0.8897,-3.7419,5.2823,1124.0000
b,CompBio,galaxy-custom_code,All runs,runs_correct_difference_points,0.3333,-1.8333,2.5000,2400.0000
b,CompBio,galaxy-custom_code,Without verified or probable exposure,runs_correct_difference_points,0.2236,-1.9586,2.4169,2340.0000
b,CompBio,galaxy-custom_code,Without any benchmark search,runs_correct_difference_points,-1.3160,-3.8595,1.0516,2105.0000
b,BixBench50,,attempted,runs_correct_share,0.7143,,,42.0000
b,BixBench50,,none,runs_correct_share,0.8817,,,1124.0000
b,BixBench50,,probable,runs_correct_share,0.8095,,,21.0000
b,BixBench50,,verified,runs_correct_share,0.8462,,,13.0000
b,CompBio,,attempted,runs_correct_share,0.7787,,,235.0000
b,CompBio,,none,runs_correct_share,0.8793,,,2105.0000
b,CompBio,,probable,runs_correct_share,0.7667,,,30.0000
b,CompBio,,verified,runs_correct_share,0.9000,,,30.0000
b,IWC,,none,runs_correct_share,0.8167,,,240.0000
c,,,original Validation | second rater Validation,runs,3.0000,,,
c,,,original Validation | second rater Benchmark,runs,3.0000,,,
c,,,original Validation | second rater Knowledge,runs,2.0000,,,
c,,,original Validation | second rater Galaxy,runs,0.0000,,,
c,,,original Validation | second rater No answer,runs,0.0000,,,
c,,,original Benchmark | second rater Validation,runs,3.0000,,,
c,,,original Benchmark | second rater Benchmark,runs,27.0000,,,
c,,,original Benchmark | second rater Knowledge,runs,0.0000,,,
c,,,original Benchmark | second rater Galaxy,runs,0.0000,,,
c,,,original Benchmark | second rater No answer,runs,0.0000,,,
c,,,original Knowledge | second rater Validation,runs,0.0000,,,
c,,,original Knowledge | second rater Benchmark,runs,1.0000,,,
c,,,original Knowledge | second rater Knowledge,runs,2.0000,,,
c,,,original Knowledge | second rater Galaxy,runs,0.0000,,,
c,,,original Knowledge | second rater No answer,runs,0.0000,,,
c,,,original Galaxy | second rater Validation,runs,1.0000,,,
c,,,original Galaxy | second rater Benchmark,runs,0.0000,,,
c,,,original Galaxy | second rater Knowledge,runs,0.0000,,,
c,,,original Galaxy | second rater Galaxy,runs,1.0000,,,
c,,,original Galaxy | second rater No answer,runs,0.0000,,,
c,,,original No answer | second rater Validation,runs,0.0000,,,
c,,,original No answer | second rater Benchmark,runs,0.0000,,,
c,,,original No answer | second rater Knowledge,runs,0.0000,,,
c,,,original No answer | second rater Galaxy,runs,0.0000,,,
c,,,original No answer | second rater No answer,runs,2.0000,,,
c,,,,items,45.0000,,,
c,,,,agree,0.7778,,,
c,,,,kappa,0.5593,,,
c,,,,either,0.9556,,,
d,,,A1,items_same_class,10.0000,,,10.0000
d,,,A2,items_same_class,10.0000,,,10.0000
d,,,A3,items_same_class,10.0000,,,10.0000
d,,,A4,items_same_class,7.0000,,,10.0000
d,,,A5,items_same_class,10.0000,,,10.0000
d,,,A6,items_same_class,10.0000,,,10.0000
d,,,A7,items_same_class,10.0000,,,10.0000
d,,,A8,items_same_class,9.0000,,,10.0000
d,,,B1,items_same_class,9.0000,,,10.0000
d,,,B2,items_same_class,10.0000,,,10.0000
d,,,B3,items_same_class,9.0000,,,10.0000
d,,,B4,items_same_class,6.0000,,,10.0000
d,,,B5,items_same_class,10.0000,,,10.0000
d,,,X,items_same_class,0.0000,,,10.0000
d,,,Z,items_same_class,0.0000,,,10.0000
d,,,,items,150.0000,,,
d,,,,agree_all,0.8000,,,
d,,,,agree_classified,0.9231,,,
d,,,,kappa_classified,0.9167,,,
d,,,,fix_supported,0.8917,,,
d,,,,agent_only,0.0267,,,
d,,,,multiple,0.3467,,,
