failure_class,candidate_improvement,requests,runs,validated
A1 tool-schema needs history context,API design,1119,511,no
A3 nested-parameter key structure,API design,215,151,no
A5 ID handling (wrong/foreign/truncated IDs),API design,253,148,no
B2 job error with no diagnostic,Error diagnostics,1601,399,no
A4 parameter value / datatype validation,Tool and parameter descriptions,769,353,no
A2 tool ID not found / guessed,Tool and parameter descriptions,417,198,no
A7 upload / datatype registry,Datatypes and uploads,94,51,no
B4 input format / compression / index,Datatypes and uploads,212,121,no
A6 UDT representation schema,UDT support,133,89,no
B1 UDT container missing dependency,UDT support,70,62,no
A8 server / transport / rate-limit,Server capacity,155,85,no
B5 memory / resource,Server capacity,21,16,no
B3 tool runtime error (stderr),Tool runtime error (not attributable),1437,635,no
X additional transport or tool exceptions (previously uncounted),Other or unclassified,604,308,no
Z unclassified,Other or unclassified,254,143,no
