tool_id,family,kind,runs
toolshed.g2.bx.psu.edu/repos/iuc/pysradb_search/pysradb_search,Data retrieval,data handling,12
toolshed.g2.bx.psu.edu/repos/iuc/snpeff/snpEff_databases,Data retrieval,data handling,12
toolshed.g2.bx.psu.edu/repos/iuc/ncbi_datasets/datasets_download_gene,Data retrieval,data handling,10
toolshed.g2.bx.psu.edu/repos/iuc/snpeff/snpEff_download,Data retrieval,data handling,7
toolshed.g2.bx.psu.edu/repos/iuc/sra_tools/fasterq_dump,Data retrieval,data handling,7
toolshed.g2.bx.psu.edu/repos/iuc/ncbi_datasets/datasets_download_genome,Data retrieval,data handling,6
toolshed.g2.bx.psu.edu/repos/iuc/seurat_data/seurat_data,Data retrieval,data handling,6
toolshed.g2.bx.psu.edu/repos/bgruening/get_online_data/ctb_online_data_fetch,Data retrieval,data handling,2
toolshed.g2.bx.psu.edu/repos/bgruening/get_online_data/get_pdb,Data retrieval,data handling,1
toolshed.g2.bx.psu.edu/repos/iuc/ncbi_acc_download/ncbi_acc_download,Data retrieval,data handling,1
ucsc_table_direct1,Data retrieval,data handling,1
toolshed.g2.bx.psu.edu/repos/ufz/xlsx2tsv/xlsx2tsv,Format conversion and upload,data handling,101
csv_to_tabular,Format conversion and upload,data handling,88
CONVERTER_gz_to_uncompressed,Format conversion and upload,data handling,45
toolshed.g2.bx.psu.edu/repos/imgteam/unzip/unzip,Format conversion and upload,data handling,45
toolshed.g2.bx.psu.edu/repos/goeckslab/rds_to_tabular/rds_to_tabular,Format conversion and upload,data handling,35
CONVERTER_archive_to_directory,Format conversion and upload,data handling,33
toolshed.g2.bx.psu.edu/repos/iuc/anndata_export/anndata_export,Format conversion and upload,data handling,20
toolshed.g2.bx.psu.edu/repos/iuc/gtftobed12/gtftobed12,Format conversion and upload,data handling,16
toolshed.g2.bx.psu.edu/repos/devteam/fasta_to_tabular/fasta2tab,Format conversion and upload,data handling,15
toolshed.g2.bx.psu.edu/repos/iuc/anndata_import/anndata_import,Format conversion and upload,data handling,14
upload1,Format conversion and upload,data handling,14
toolshed.g2.bx.psu.edu/repos/devteam/fastq_to_tabular/fastq_to_tabular,Format conversion and upload,data handling,11
toolshed.g2.bx.psu.edu/repos/ebi-gxa/scanpy_read_10x/scanpy_read_10x,Format conversion and upload,data handling,11
ucsc_bigbedtobed,Format conversion and upload,data handling,11
toolshed.g2.bx.psu.edu/repos/devteam/bam_to_sam/bam_to_sam,Format conversion and upload,data handling,9
gff2bed1,Format conversion and upload,data handling,7
CONVERTER_vcf_bgzip_to_tabix_0,Format conversion and upload,data handling,6
CONVERTER_interval_to_bed_0,Format conversion and upload,data handling,5
toolshed.g2.bx.psu.edu/repos/q2d2/qiime2_core__tools__export/qiime2_core__tools__export,Format conversion and upload,data handling,5
toolshed.g2.bx.psu.edu/repos/q2d2/qiime2_core__tools__import_fastq/qiime2_core__tools__import_fastq,Format conversion and upload,data handling,5
CONVERTER_biom,Format conversion and upload,data handling,4
bigwigtowig,Format conversion and upload,data handling,4
toolshed.g2.bx.psu.edu/repos/bgruening/imagemagick_image_convert/imagemagick_image_convert,Format conversion and upload,data handling,4
toolshed.g2.bx.psu.edu/repos/devteam/fastq_to_fasta/cshl_fastq_to_fasta,Format conversion and upload,data handling,4
toolshed.g2.bx.psu.edu/repos/devteam/fastqtofasta/fastq_to_fasta_python,Format conversion and upload,data handling,4
toolshed.g2.bx.psu.edu/repos/devteam/tabular_to_fasta/tab2fasta,Format conversion and upload,data handling,4
toolshed.g2.bx.psu.edu/repos/iuc/biom_convert/biom_convert,Format conversion and upload,data handling,4
toolshed.g2.bx.psu.edu/repos/iuc/samtools_fastx/samtools_fastx,Format conversion and upload,data handling,4
CONVERTER_fasta_to_tabular,Format conversion and upload,data handling,3
CONVERTER_gff_to_bed_0,Format conversion and upload,data handling,3
toolshed.g2.bx.psu.edu/repos/devteam/emboss_5/EMBOSS: seqret84,Format conversion and upload,data handling,3
toolshed.g2.bx.psu.edu/repos/iuc/bedtools/bedtools_bamtofastq,Format conversion and upload,data handling,3
CONVERTER_bedgraph_to_bigwig,Format conversion and upload,data handling,2
CONVERTER_fasta_to_fai,Format conversion and upload,data handling,2
CONVERTER_interval_to_bedstrict_0,Format conversion and upload,data handling,2
toolshed.g2.bx.psu.edu/repos/ebi-gxa/dropletutils_read_10x/dropletutils_read_10x,Format conversion and upload,data handling,2
toolshed.g2.bx.psu.edu/repos/ebi-gxa/seurat_read10x/seurat_read10x,Format conversion and upload,data handling,2
wiggle2simple1,Format conversion and upload,data handling,2
CONVERTER_Pdb_to_Gro_0,Format conversion and upload,data handling,1
CONVERTER_bcf_uncompressed_to_bcf,Format conversion and upload,data handling,1
CONVERTER_bed_gff_or_vcf_to_bigwig_0,Format conversion and upload,data handling,1
CONVERTER_interval_to_bgzip_0,Format conversion and upload,data handling,1
CONVERTER_uncompressed_to_gz,Format conversion and upload,data handling,1
CONVERTER_vcf_to_vcf_bgzip_0,Format conversion and upload,data handling,1
MAF_To_Fasta1,Format conversion and upload,data handling,1
__UNZIP_COLLECTION__,Format conversion and upload,data handling,1
tabular_to_csv,Format conversion and upload,data handling,1
toolshed.g2.bx.psu.edu/repos/devteam/fasta_formatter/cshl_fasta_formatter,Format conversion and upload,data handling,1
toolshed.g2.bx.psu.edu/repos/devteam/fastq_paired_end_interlacer/fastq_paired_end_interlacer,Format conversion and upload,data handling,1
toolshed.g2.bx.psu.edu/repos/goeckslab/scimap_mcmicro_to_anndata/scimap_mcmicro_to_anndata,Format conversion and upload,data handling,1
toolshed.g2.bx.psu.edu/repos/iuc/compress_file/compress_file,Format conversion and upload,data handling,1
toolshed.g2.bx.psu.edu/repos/iuc/gfa_to_fa/gfa_to_fa,Format conversion and upload,data handling,1
toolshed.g2.bx.psu.edu/repos/iuc/interval2maf/Interval2Maf1,Format conversion and upload,data handling,1
toolshed.g2.bx.psu.edu/repos/iuc/sceasy_convert/sceasy_convert,Format conversion and upload,data handling,1
toolshed.g2.bx.psu.edu/repos/iuc/ucsc_twobittofa/ucsc-twobittofa,Format conversion and upload,data handling,1
toolshed.g2.bx.psu.edu/repos/iuc/ucsc_wigtobigwig/ucsc_wigtobigwig,Format conversion and upload,data handling,1
toolshed.g2.bx.psu.edu/repos/iuc/anndata_inspect/anndata_inspect,Inspection and quality control,data handling,71
toolshed.g2.bx.psu.edu/repos/devteam/samtools_idxstats/samtools_idxstats,Inspection and quality control,data handling,53
toolshed.g2.bx.psu.edu/repos/devteam/samtools_flagstat/samtools_flagstat,Inspection and quality control,data handling,45
toolshed.g2.bx.psu.edu/repos/devteam/fastqc/fastqc,Inspection and quality control,data handling,34
toolshed.g2.bx.psu.edu/repos/devteam/fasta_compute_length/fasta_compute_length,Inspection and quality control,data handling,30
toolshed.g2.bx.psu.edu/repos/iuc/fasta_stats/fasta-stats,Inspection and quality control,data handling,27
toolshed.g2.bx.psu.edu/repos/iuc/scanpy_inspect/scanpy_inspect,Inspection and quality control,data handling,21
toolshed.g2.bx.psu.edu/repos/devteam/fastq_stats/fastq_stats,Inspection and quality control,data handling,19
toolshed.g2.bx.psu.edu/repos/devteam/samtools_stats/samtools_stats,Inspection and quality control,data handling,16
toolshed.g2.bx.psu.edu/repos/peterjc/seq_composition/seq_composition,Inspection and quality control,data handling,12
toolshed.g2.bx.psu.edu/repos/iuc/bcftools_stats/bcftools_stats,Inspection and quality control,data handling,11
toolshed.g2.bx.psu.edu/repos/bgruening/fastq_info/fastq_info,Inspection and quality control,data handling,4
toolshed.g2.bx.psu.edu/repos/bgruening/gfastats/gfastats,Inspection and quality control,data handling,3
samtools_stats,Inspection and quality control,data handling,2
toolshed.g2.bx.psu.edu/repos/iuc/dada2_plotqualityprofile/dada2_plotQualityProfile,Inspection and quality control,data handling,2
toolshed.g2.bx.bx.psu.edu/repos/iuc/anndata_inspect/anndata_inspect,Inspection and quality control,data handling,1
toolshed.g2.bx.psu.edu/repos/bgruening/music_inspect_eset/music_inspect_eset,Inspection and quality control,data handling,1
toolshed.g2.bx.psu.edu/repos/iuc/seqtk/seqtk_comp,Inspection and quality control,data handling,1
toolshed.g2.bx.psu.edu/repos/iuc/seqtk/seqtk_fqchk,Inspection and quality control,data handling,1
toolshed.g2.bx.psu.edu/repos/q2d2/qiime2__demux__summarize/qiime2__demux__summarize,Inspection and quality control,data handling,1
toolshed.g2.bx.psu.edu/repos/q2d2/qiime2__feature_table__summarize/qiime2__feature_table__summarize,Inspection and quality control,data handling,1
Cut1,Tables and text,data handling,186
toolshed.g2.bx.psu.edu/repos/iuc/filter_tabular/filter_tabular,Tables and text,data handling,95
Filter1,Tables and text,data handling,93
toolshed.g2.bx.psu.edu/repos/iuc/datamash_ops/datamash_ops,Tables and text,data handling,88
Grep1,Tables and text,data handling,85
toolshed.g2.bx.psu.edu/repos/devteam/column_maker/Add_a_column1,Tables and text,data handling,85
toolshed.g2.bx.psu.edu/repos/bgruening/text_processing/tp_grep_tool,Tables and text,data handling,79
join1,Tables and text,data handling,66
toolshed.g2.bx.psu.edu/repos/bgruening/text_processing/tp_head_tool,Tables and text,data handling,59
sort1,Tables and text,data handling,45
toolshed.g2.bx.psu.edu/repos/bgruening/text_processing/tp_sort_header_tool,Tables and text,data handling,40
Grouping1,Tables and text,data handling,38
wc_gnu,Tables and text,data handling,37
Remove beginning1,Tables and text,data handling,36
toolshed.g2.bx.psu.edu/repos/iuc/datamash_transpose/datamash_transpose,Tables and text,data handling,33
Show beginning1,Tables and text,data handling,29
cat1,Tables and text,data handling,29
Count1,Tables and text,data handling,25
Paste1,Tables and text,data handling,25
Convert characters1,Tables and text,data handling,23
toolshed.g2.bx.psu.edu/repos/iuc/table_compute/table_compute,Tables and text,data handling,22
comp1,Tables and text,data handling,19
toolshed.g2.bx.psu.edu/repos/bgruening/text_processing/tp_tail_tool,Tables and text,data handling,19
toolshed.g2.bx.psu.edu/repos/bgruening/text_processing/nl,Tables and text,data handling,17
toolshed.g2.bx.psu.edu/repos/bgruening/add_line_to_file/add_line_to_file,Tables and text,data handling,16
toolshed.g2.bx.psu.edu/repos/bgruening/text_processing/tp_cat,Tables and text,data handling,14
toolshed.g2.bx.psu.edu/repos/bgruening/text_processing/tp_easyjoin_tool,Tables and text,data handling,14
toolshed.g2.bx.psu.edu/repos/bgruening/text_processing/tp_sorted_uniq,Tables and text,data handling,14
toolshed.g2.bx.psu.edu/repos/bgruening/text_processing/tp_cut_tool,Tables and text,data handling,12
toolshed.g2.bx.psu.edu/repos/galaxyp/regex_find_replace/regex1,Tables and text,data handling,11
Show tail1,Tables and text,data handling,10
secure_hash_message_digest,Tables and text,data handling,10
toolshed.g2.bx.psu.edu/repos/artbio/concatenate_multiple_datasets/cat_multi_datasets,Tables and text,data handling,10
toolshed.g2.bx.psu.edu/repos/nml/collapse_collections/collapse_dataset,Tables and text,data handling,10
addValue,Tables and text,data handling,9
toolshed.g2.bx.psu.edu/repos/bgruening/text_processing/tp_find_and_replace,Tables and text,data handling,9
__BUILD_LIST__,Tables and text,data handling,8
toolshed.g2.bx.psu.edu/repos/bgruening/text_processing/tp_sed_tool,Tables and text,data handling,7
__ZIP_COLLECTION__,Tables and text,data handling,6
toolshed.g2.bx.psu.edu/repos/bgruening/diff/diff,Tables and text,data handling,6
toolshed.g2.bx.psu.edu/repos/bgruening/text_processing/tp_awk_tool,Tables and text,data handling,6
toolshed.g2.bx.psu.edu/repos/bgruening/text_processing/tp_replace_in_line,Tables and text,data handling,6
toolshed.g2.bx.psu.edu/repos/bgruening/text_processing/tp_text_file_with_recurring_lines,Tables and text,data handling,6
toolshed.g2.bx.psu.edu/repos/bgruening/text_processing/tp_replace_in_column,Tables and text,data handling,5
toolshed.g2.bx.psu.edu/repos/bgruening/unique/bg_uniq,Tables and text,data handling,5
toolshed.g2.bx.psu.edu/repos/devteam/add_value/addValue,Tables and text,data handling,5
toolshed.g2.bx.psu.edu/repos/galaxyp/regex_find_replace/regexColumn1,Tables and text,data handling,5
mergeCols1,Tables and text,data handling,4
random_lines1,Tables and text,data handling,4
toolshed.g2.bx.psu.edu/repos/iuc/query_tabular/query_tabular,Tables and text,data handling,4
toolshed.g2.bx.psu.edu/repos/bgruening/text_processing/tp_sort_rows,Tables and text,data handling,3
toolshed.g2.bx.psu.edu/repos/iuc/collection_element_identifiers/collection_element_identifiers,Tables and text,data handling,3
toolshed.g2.bx.psu.edu/repos/mvdbeek/concatenate_multiple_datasets/cat_multiple,Tables and text,data handling,3
ChangeCase,Tables and text,data handling,2
toolshed.g2.bx.bx.psu.edu/repos/bgruening/text_processing/tp_head_tool,Tables and text,data handling,2
toolshed.g2.bx.psu.edu/repos/bgruening/replace_column_by_key_value_file/replace_column_with_key_value_file,Tables and text,data handling,2
toolshed.g2.bx.psu.edu/repos/bgruening/split_file_on_column/tp_split_on_column,Tables and text,data handling,2
toolshed.g2.bx.psu.edu/repos/iuc/collection_column_join/collection_column_join,Tables and text,data handling,2
toolshed.g2.bx.psu.edu/repos/iuc/column_remove_by_header/column_remove_by_header,Tables and text,data handling,2
__FILTER_FROM_FILE__,Tables and text,data handling,1
__RELABEL_FROM_FILE__,Tables and text,data handling,1
__SET_METADATA__,Tables and text,data handling,1
__TAG_FROM_FILE__,Tables and text,data handling,1
datamash_transpose,Tables and text,data handling,1
toolshed.g2.bx.bx.psu.edu/repos/bgruening/text_processing/tp_sort_header_tool,Tables and text,data handling,1
toolshed.g2.bx.bx.psu.edu/repos/bgruening/text_processing/tp_text_file_with_recurring_lines,Tables and text,data handling,1
toolshed.g2.bx.psu.edu/repos/bgruening/split_file_to_collection/split_file_to_collection,Tables and text,data handling,1
toolshed.g2.bx.psu.edu/repos/bgruening/text_processing/tp_uniq_tool,Tables and text,data handling,1
toolshed.g2.bx.psu.edu/repos/devteam/subtract_query/subtract_query1,Tables and text,data handling,1
toolshed.g2.bx.psu.edu/repos/iuc/reshape2_melt/melt,Tables and text,data handling,1
toolshed.g2.bx.psu.edu/repos/recetox/table_pandas_rename_column/table_pandas_rename_column,Tables and text,data handling,1
toolshed.g2.bx.psu.org/repos/iuc/filter_tabular/filter_tabular,Tables and text,data handling,1
toolshed.g2.bx/repos/bgruening/text_processing/tp_grep_tool,Tables and text,data handling,1
toolshed.g2.bxpsu.edu/repos/bgruening/text_processing/tp_sort_header_tool,Tables and text,data handling,1
tp_grep_tool,Tables and text,data handling,1
tp_sort_header_tool,Tables and text,data handling,1
toolshed.g2.bx.psu.edu/repos/iuc/deseq2/deseq2,Expression and differential testing,scientific method,44
toolshed.g2.bx.psu.edu/repos/bgruening/salmon/salmon,Expression and differential testing,scientific method,19
toolshed.g2.bx.psu.edu/repos/iuc/featurecounts/featurecounts,Expression and differential testing,scientific method,10
toolshed.g2.bx.psu.edu/repos/ebi-gxa/decoupler_pseudobulk/decoupler_pseudobulk,Expression and differential testing,scientific method,8
toolshed.g2.bx.psu.edu/repos/iuc/edger/edger,Expression and differential testing,scientific method,7
toolshed.g2.bx.psu.edu/repos/bgruening/music_construct_eset/music_construct_eset,Expression and differential testing,scientific method,6
toolshed.g2.bx.psu.edu/repos/bgruening/music_deconvolution/music_deconvolution,Expression and differential testing,scientific method,5
toolshed.g2.bx.psu.edu/repos/iuc/kallisto_quant/kallisto_quant,Expression and differential testing,scientific method,5
toolshed.g2.bx.psu.edu/repos/bgruening/alevin/alevin,Expression and differential testing,scientific method,4
toolshed.g2.bx.psu.edu/repos/iuc/isoformswitchanalyzer/isoformswitchanalyzer,Expression and differential testing,scientific method,4
toolshed.g2.bx.psu.edu/repos/iuc/stringtie/stringtie,Expression and differential testing,scientific method,3
toolshed.g2.bx.psu.edu/repos/nilesh/rseqc/rseqc_junction_annotation,Expression and differential testing,scientific method,3
toolshed.g2.bx.psu.edu/repos/devteam/cuffdiff/cuffdiff,Expression and differential testing,scientific method,1
toolshed.g2.bx.psu.edu/repos/iuc/gffcompare/gffcompare,Expression and differential testing,scientific method,1
toolshed.g2.bx.psu.edu/repos/iuc/limma_voom/limma_voom,Expression and differential testing,scientific method,1
toolshed.g2.bx.psu.edu/repos/iuc/pizzly/pizzly,Expression and differential testing,scientific method,1
toolshed.g2.bx.psu.edu/repos/iuc/bedtools/bedtools_intersectbed,Genomic intervals and sequence features,scientific method,62
toolshed.g2.bx.psu.edu/repos/iuc/bedtools/bedtools_getfastabed,Genomic intervals and sequence features,scientific method,33
toolshed.g2.bx.psu.edu/repos/iuc/extract_genomic_dna/Extract genomic DNA 1,Genomic intervals and sequence features,scientific method,29
toolshed.g2.bx.psu.edu/repos/iuc/bedtools/bedtools_mergebed,Genomic intervals and sequence features,scientific method,27
toolshed.g2.bx.psu.edu/repos/iuc/bedtools/bedtools_sortbed,Genomic intervals and sequence features,scientific method,22
toolshed.g2.bx.psu.edu/repos/iuc/samtools_depth/samtools_depth,Genomic intervals and sequence features,scientific method,19
toolshed.g2.bx.psu.edu/repos/iuc/bedtools/bedtools_groupbybed,Genomic intervals and sequence features,scientific method,16
toolshed.g2.bx.psu.edu/repos/iuc/mosdepth/mosdepth,Genomic intervals and sequence features,scientific method,14
gtf_filter_by_attribute_values_list,Genomic intervals and sequence features,scientific method,11
toolshed.g2.bx.psu.edu/repos/iuc/bedtools/bedtools_makewindowsbed,Genomic intervals and sequence features,scientific method,11
createInterval,Genomic intervals and sequence features,scientific method,10
toolshed.g2.bx.psu.edu/repos/iuc/bedtools/bedtools_coveragebed,Genomic intervals and sequence features,scientific method,10
toolshed.g2.bx.psu.edu/repos/iuc/samtools_coverage/samtools_coverage,Genomic intervals and sequence features,scientific method,10
toolshed.g2.bx.psu.edu/repos/devteam/emboss_5/EMBOSS: getorf42,Genomic intervals and sequence features,scientific method,9
toolshed.g2.bx.psu.edu/repos/iuc/bedtools/bedtools_bamtobed,Genomic intervals and sequence features,scientific method,9
toolshed.g2.bx.psu.edu/repos/iuc/bedtools/bedtools_genomecoveragebed,Genomic intervals and sequence features,scientific method,9
gff_filter_by_attribute,Genomic intervals and sequence features,scientific method,8
toolshed.g2.bx.psu.edu/repos/mbernt/fasta_regex_finder/fasta_regex_finder,Genomic intervals and sequence features,scientific method,8
toolshed.g2.bx.psu.edu/repos/devteam/fasta_filter_by_length/fasta_filter_by_length,Genomic intervals and sequence features,scientific method,7
toolshed.g2.bx.psu.edu/repos/iuc/bedtools/bedtools_slopbed,Genomic intervals and sequence features,scientific method,7
toolshed.g2.bx.psu.edu/repos/bgruening/find_subsequences/bg_find_subsequences,Genomic intervals and sequence features,scientific method,6
toolshed.g2.bx.psu.edu/repos/galaxyp/fasta_merge_files_and_filter_unique_sequences/fasta_merge_files_and_filter_unique_sequences,Genomic intervals and sequence features,scientific method,6
toolshed.g2.bx.psu.edu/repos/iuc/bedops_sortbed/bedops-sort-bed,Genomic intervals and sequence features,scientific method,6
toolshed.g2.bx.psu.edu/repos/iuc/bedtools/bedtools_bed12tobed6,Genomic intervals and sequence features,scientific method,6
toolshed.g2.bx.psu.edu/repos/peterjc/seq_filter_by_id/seq_filter_by_id,Genomic intervals and sequence features,scientific method,6
toolshed.g2.bx.psu.edu/repos/iuc/bedtools/bedtools_subtractbed,Genomic intervals and sequence features,scientific method,5
gene2exon1,Genomic intervals and sequence features,scientific method,4
toolshed.g2.bx.psu.edu/repos/devteam/emboss_5/EMBOSS: fuzznuc37,Genomic intervals and sequence features,scientific method,4
toolshed.g2.bx.psu.edu/repos/ebi-gxa/gtf2gene_list/_ensembl_gtf2gene_list,Genomic intervals and sequence features,scientific method,4
toolshed.g2.bx.psu.edu/repos/galaxyp/filter_by_fasta_ids/filter_by_fasta_ids,Genomic intervals and sequence features,scientific method,4
toolshed.g2.bx.psu.edu/repos/iuc/orfipy/orfipy,Genomic intervals and sequence features,scientific method,4
toolshed.g2.bx.psu.edu/repos/bgruening/deeptools_bam_coverage/deeptools_bam_coverage,Genomic intervals and sequence features,scientific method,3
toolshed.g2.bx.psu.edu/repos/bgruening/deeptools_compute_matrix/deeptools_compute_matrix,Genomic intervals and sequence features,scientific method,3
toolshed.g2.bx.psu.edu/repos/bgruening/deeptools_multi_bigwig_summary/deeptools_multi_bigwig_summary,Genomic intervals and sequence features,scientific method,3
toolshed.g2.bx.psu.edu/repos/devteam/emboss_5/EMBOSS: extractseq35,Genomic intervals and sequence features,scientific method,3
toolshed.g2.bx.psu.edu/repos/devteam/gffread/gffread,Genomic intervals and sequence features,scientific method,3
toolshed.g2.bx.psu.edu/repos/iuc/bedtools/bedtools_jaccard,Genomic intervals and sequence features,scientific method,3
toolshed.g2.bx.psu.edu/repos/iuc/bedtools/bedtools_nucbed,Genomic intervals and sequence features,scientific method,3
Extract_features1,Genomic intervals and sequence features,scientific method,2
toolshed.g2.bx.psu.edu/repos/bgruening/deeptools_plot_profile/deeptools_plot_profile,Genomic intervals and sequence features,scientific method,2
toolshed.g2.bx.psu.edu/repos/devteam/emboss_5/EMBOSS: needle56,Genomic intervals and sequence features,scientific method,2
toolshed.g2.bx.psu.edu/repos/devteam/get_flanks/get_flanks1,Genomic intervals and sequence features,scientific method,2
toolshed.g2.bx.psu.edu/repos/devteam/samtools_bedcov/samtools_bedcov,Genomic intervals and sequence features,scientific method,2
toolshed.g2.bx.psu.edu/repos/bgruening/agat/agat,Genomic intervals and sequence features,scientific method,1
toolshed.g2.bx.psu.edu/repos/bgruening/deeptools_plot_correlation/deeptools_plot_correlation,Genomic intervals and sequence features,scientific method,1
toolshed.g2.bx.psu.edu/repos/bgruening/deeptools_plot_pca/deeptools_plot_pca,Genomic intervals and sequence features,scientific method,1
toolshed.g2.bx.psu.edu/repos/devteam/concat/gops_concat_1,Genomic intervals and sequence features,scientific method,1
toolshed.g2.bx.psu.edu/repos/devteam/count_gff_features/count_gff_features,Genomic intervals and sequence features,scientific method,1
toolshed.g2.bx.psu.edu/repos/devteam/flanking_features/flanking_features_1,Genomic intervals and sequence features,scientific method,1
toolshed.g2.bx.psu.edu/repos/devteam/merge/gops_merge_1,Genomic intervals and sequence features,scientific method,1
toolshed.g2.bx.psu.edu/repos/iuc/bedtools/bedtools_bedtobam,Genomic intervals and sequence features,scientific method,1
toolshed.g2.bx.psu.edu/repos/iuc/bedtools/bedtools_flankbed,Genomic intervals and sequence features,scientific method,1
toolshed.g2.bx.psu.edu/repos/iuc/bedtools/bedtools_overlapbed,Genomic intervals and sequence features,scientific method,1
toolshed.g2.bx.psu.edu/repos/iuc/ucsc_chainswap/ucsc_chainswap,Genomic intervals and sequence features,scientific method,1
toolshed.g2.bx/repos/bgruening/find_subsequences/bg_find_subsequences,Genomic intervals and sequence features,scientific method,1
toolshed.g2.bx/repos/iuc/bedtools/bedtools_intersectbed,Genomic intervals and sequence features,scientific method,1
toolshed.g2.bx.psu.edu/repos/galaxyp/pepquery2/pepquery2,Other methods,scientific method,5
interactive_tool_jupyter_notebook,Other methods,scientific method,2
toolshed.g2.bx.psu.edu/repos/galaxyp/pepquery/pepquery,Other methods,scientific method,2
toolshed.g2.bx.psu.edu/repos/galaxyp/pepquery2_index/pepquery2_index,Other methods,scientific method,2
toolshed.g2.bx.psu.edu/repos/bgruening/openbabel_svg_depiction/openbabel_svg_depiction,Other methods,scientific method,1
toolshed.g2.bx.psu.edu/repos/galaxyp/pepquery2_show_sets/pepquery2_show_sets,Other methods,scientific method,1
toolshed.g2.bx.psu.edu/repos/imgteam/morphological_operations/morphological_operations,Other methods,scientific method,1
toolshed.g2.bx.psu.edu/repos/imgteam/points2binaryimage/ip_points_to_binaryimage,Other methods,scientific method,1
toolshed.g2.bx.psu.edu/repos/iuc/fasta_nucleotide_color_plot/fasta_nucleotide_color_plot,Other methods,scientific method,1
toolshed.g2.bx.psu.edu/repos/iuc/macs2/macs2_callpeak,Peak calling and epigenomics,scientific method,22
toolshed.g2.bx.psu.edu/repos/rnateam/chipseeker/chipseeker,Peak calling and epigenomics,scientific method,4
toolshed.g2.bx.psu.edu/repos/iuc/genrich/genrich,Peak calling and epigenomics,scientific method,2
toolshed.g2.bx.psu.edu/repos/iuc/macs2/macs2_bdgpeakcall,Peak calling and epigenomics,scientific method,1
toolshed.g2.bx.psu.edu/repos/iuc/macs2/macs2_predictd,Peak calling and epigenomics,scientific method,1
toolshed.g2.bx.psu.edu/repos/goeckslab/phykit_metrics/phykit_metrics,Phylogenetics,scientific method,76
toolshed.g2.bx.psu.edu/repos/padge/phykit/phykit_alignment_based,Phylogenetics,scientific method,12
toolshed.g2.bx.psu.edu/repos/padge/phykit/phykit_tree_based,Phylogenetics,scientific method,10
toolshed.g2.bx.psu.edu/repos/devteam/bwa/bwa_mem,Read processing and alignment,scientific method,67
toolshed.g2.bx.psu.edu/repos/iuc/samtools_view/samtools_view,Read processing and alignment,scientific method,48
toolshed.g2.bx.psu.edu/repos/devteam/bowtie2/bowtie2,Read processing and alignment,scientific method,39
toolshed.g2.bx.psu.edu/repos/iuc/rgrnastar/rna_star,Read processing and alignment,scientific method,26
toolshed.g2.bx.psu.edu/repos/iuc/fastp/fastp,Read processing and alignment,scientific method,23
toolshed.g2.bx.psu.edu/repos/iuc/minimap2/minimap2,Read processing and alignment,scientific method,21
toolshed.g2.bx.psu.edu/repos/iuc/hisat2/hisat2,Read processing and alignment,scientific method,14
toolshed.g2.bx.psu.edu/repos/devteam/picard/picard_MarkDuplicates,Read processing and alignment,scientific method,8
toolshed.g2.bx.psu.edu/repos/devteam/samtools_sort/samtools_sort,Read processing and alignment,scientific method,7
toolshed.g2.bx.psu.edu/repos/devteam/picard/picard_AddOrReplaceReadGroups,Read processing and alignment,scientific method,6
toolshed.g2.bx.psu.edu/repos/devteam/samtool_filter2/samtool_filter2,Read processing and alignment,scientific method,6
toolshed.g2.bx.psu.edu/repos/iuc/seqkit_grep/seqkit_grep,Read processing and alignment,scientific method,6
toolshed.g2.bx.psu.edu/repos/iuc/seqtk/seqtk_sample,Read processing and alignment,scientific method,6
toolshed.g2.bx.psu.edu/repos/iuc/seqtk/seqtk_seq,Read processing and alignment,scientific method,5
toolshed.g2.bx.psu.edu/repos/bgruening/sambamba_sort/sambamba_sort,Read processing and alignment,scientific method,4
toolshed.g2.bx.psu.edu/repos/devteam/bwa/bwa,Read processing and alignment,scientific method,4
toolshed.g2.bx.psu.edu/repos/devteam/fasta_nucleotide_changer/cshl_fasta_nucleotides_changer,Read processing and alignment,scientific method,4
toolshed.g2.bx.psu.edu/repos/devteam/fastx_collapser/cshl_fastx_collapser,Read processing and alignment,scientific method,4
toolshed.g2.bx.psu.edu/repos/iuc/bwa_mem2/bwa_mem2,Read processing and alignment,scientific method,4
toolshed.g2.bx.psu.edu/repos/iuc/samtools_merge/samtools_merge,Read processing and alignment,scientific method,4
toolshed.g2.bx.psu.edu/repos/iuc/seqtk/seqtk_subseq,Read processing and alignment,scientific method,4
toolshed.g2.bx.psu.edu/repos/iuc/bamtools_split_tag/bamtools_split_tag,Read processing and alignment,scientific method,3
toolshed.g2.bx.psu.edu/repos/devteam/samtools_phase/samtools_phase,Read processing and alignment,scientific method,2
toolshed.g2.bx.psu.edu/repos/devteam/samtools_slice_bam/samtools_slice_bam,Read processing and alignment,scientific method,2
toolshed.g2.bx.psu.edu/repos/iuc/crossmap_bed/crossmap_bed,Read processing and alignment,scientific method,2
toolshed.g2.bx.psu.edu/repos/iuc/dada2_filterandtrim/dada2_filterAndTrim,Read processing and alignment,scientific method,2
toolshed.g2.bx.psu.edu/repos/iuc/ngsutils_bam_filter/ngsutils_bam_filter,Read processing and alignment,scientific method,2
toolshed.g2.bx.psu.edu/repos/iuc/samtools_collate/samtools_collate,Read processing and alignment,scientific method,2
samtools_view,Read processing and alignment,scientific method,1
toolshed.g2.bx.psu.edu/repos/devteam/fastq_trimmer/fastq_trimmer,Read processing and alignment,scientific method,1
toolshed.g2.bx.psu.edu/repos/devteam/fastx_reverse_complement/cshl_fastx_reverse_complement,Read processing and alignment,scientific method,1
toolshed.g2.bx.psu.edu/repos/devteam/picard/picard_SortSam,Read processing and alignment,scientific method,1
toolshed.g2.bx.psu.edu/repos/iuc/bamtools_split_mapped/bamtools_split_mapped,Read processing and alignment,scientific method,1
toolshed.g2.bx.psu.edu/repos/iuc/crossmap_vcf/crossmap_vcf,Read processing and alignment,scientific method,1
toolshed.g2.bx.psu.edu/repos/iuc/seqkit_translate/seqkit_translate,Read processing and alignment,scientific method,1
toolshed.g2.bx.psu.edu/repos/iuc/sinto_barcode/sinto_barcode,Read processing and alignment,scientific method,1
toolshed.g2.bx.psu.edu/repos/iuc/umi_tools_whitelist/umi_tools_whitelist,Read processing and alignment,scientific method,1
toolshed.g2.bx.psu.edu/repos/peterjc/sample_seqs/sample_seqs,Read processing and alignment,scientific method,1
toolshed.g2.bx.psu.edu/repos/devteam/ncbi_blast_plus/ncbi_blastn_wrapper,"Sequence search, taxonomy and assembly",scientific method,27
toolshed.g2.bx.psu.edu/repos/iuc/kraken2/kraken2,"Sequence search, taxonomy and assembly",scientific method,26
toolshed.g2.bx.psu.edu/repos/iuc/meme_fimo/meme_fimo,"Sequence search, taxonomy and assembly",scientific method,13
toolshed.g2.bx.psu.edu/repos/iuc/staramr/staramr_search,"Sequence search, taxonomy and assembly",scientific method,10
toolshed.g2.bx.psu.edu/repos/iuc/krakentools_extract_kraken_reads/krakentools_extract_kraken_reads,"Sequence search, taxonomy and assembly",scientific method,8
toolshed.g2.bx.psu.edu/repos/iuc/meme_meme/meme_meme,"Sequence search, taxonomy and assembly",scientific method,8
toolshed.g2.bx.psu.edu/repos/bgruening/mitohifi/mitohifi,"Sequence search, taxonomy and assembly",scientific method,6
toolshed.g2.bx.psu.edu/repos/devteam/kraken2tax/Kraken2Tax,"Sequence search, taxonomy and assembly",scientific method,5
toolshed.g2.bx.psu.edu/repos/iuc/rnaspades/rnaspades,"Sequence search, taxonomy and assembly",scientific method,5
toolshed.g2.bx.psu.edu/repos/iuc/trinity/trinity,"Sequence search, taxonomy and assembly",scientific method,5
toolshed.g2.bx.psu.edu/repos/q2d2/qiime2__dada2__denoise_paired/qiime2__dada2__denoise_paired,"Sequence search, taxonomy and assembly",scientific method,5
toolshed.g2.bx.psu.edu/repos/iuc/busco/busco,"Sequence search, taxonomy and assembly",scientific method,4
toolshed.g2.bx.psu.edu/repos/iuc/meme_chip/meme_chip,"Sequence search, taxonomy and assembly",scientific method,4
toolshed.g2.bx.psu.edu/repos/iuc/mothur_pairwise_seqs/mothur_pairwise_seqs,"Sequence search, taxonomy and assembly",scientific method,4
toolshed.g2.bx.psu.edu/repos/devteam/ncbi_blast_plus/ncbi_makeblastdb,"Sequence search, taxonomy and assembly",scientific method,3
toolshed.g2.bx.psu.edu/repos/devteam/weblogo3/rgweblogo3,"Sequence search, taxonomy and assembly",scientific method,2
toolshed.g2.bx.psu.edu/repos/iuc/meryl_count_kmers/meryl_count_kmers,"Sequence search, taxonomy and assembly",scientific method,2
toolshed.g2.bx.psu.edu/repos/iuc/meryl_print/meryl_print,"Sequence search, taxonomy and assembly",scientific method,2
toolshed.g2.bx.psu.edu/repos/bgruening/flye/flye,"Sequence search, taxonomy and assembly",scientific method,1
toolshed.g2.bx.psu.edu/repos/devteam/ncbi_blast_plus/ncbi_blastdbcmd_wrapper,"Sequence search, taxonomy and assembly",scientific method,1
toolshed.g2.bx.psu.edu/repos/iuc/dada2_dada/dada2_dada,"Sequence search, taxonomy and assembly",scientific method,1
toolshed.g2.bx.psu.edu/repos/iuc/dada2_learnerrors/dada2_learnErrors,"Sequence search, taxonomy and assembly",scientific method,1
toolshed.g2.bx.psu.edu/repos/iuc/dada2_makesequencetable/dada2_makeSequenceTable,"Sequence search, taxonomy and assembly",scientific method,1
toolshed.g2.bx.psu.edu/repos/iuc/dada2_mergepairs/dada2_mergePairs,"Sequence search, taxonomy and assembly",scientific method,1
toolshed.g2.bx.psu.edu/repos/iuc/dada2_removebimeradenovo/dada2_removeBimeraDenovo,"Sequence search, taxonomy and assembly",scientific method,1
toolshed.g2.bx.psu.edu/repos/iuc/megahit/megahit,"Sequence search, taxonomy and assembly",scientific method,1
toolshed.g2.bx.psu.edu/repos/iuc/meryl_groups_kmers/meryl_groups_kmers,"Sequence search, taxonomy and assembly",scientific method,1
toolshed.g2.bx.psu.edu/repos/iuc/mothur_align_seqs/mothur_align_seqs,"Sequence search, taxonomy and assembly",scientific method,1
toolshed.g2.bx.psu.edu/repos/iuc/quast/quast,"Sequence search, taxonomy and assembly",scientific method,1
toolshed.g2.bx.psu.edu/repos/iuc/vsearch/vsearch_alignment,"Sequence search, taxonomy and assembly",scientific method,1
toolshed.g2.bx.psu.edu/repos/iuc/vsearch/vsearch_masking,"Sequence search, taxonomy and assembly",scientific method,1
toolshed.g2.bx.psu.edu/repos/iuc/vsearch/vsearch_search,"Sequence search, taxonomy and assembly",scientific method,1
toolshed.g2.bx.psu.edu/repos/iuc/scanpy_filter/scanpy_filter,Single-cell and spatial analysis,scientific method,21
toolshed.g2.bx.psu.edu/repos/iuc/anndata_manipulate/anndata_manipulate,Single-cell and spatial analysis,scientific method,16
toolshed.g2.bx.psu.edu/repos/iuc/scanpy_normalize/scanpy_normalize,Single-cell and spatial analysis,scientific method,15
toolshed.g2.bx.psu.edu/repos/ebi-gxa/anndata_ops/anndata_ops,Single-cell and spatial analysis,scientific method,8
toolshed.g2.bx.psu.edu/repos/ebi-gxa/scanpy_find_markers/scanpy_find_markers,Single-cell and spatial analysis,scientific method,8
toolshed.g2.bx.psu.edu/repos/iuc/snapatac2_preprocessing/snapatac2_preprocessing,Single-cell and spatial analysis,scientific method,8
toolshed.g2.bx.psu.edu/repos/iuc/scanpy_cluster_reduce_dimension/scanpy_cluster_reduce_dimension,Single-cell and spatial analysis,scientific method,7
toolshed.g2.bx.psu.edu/repos/ebi-gxa/scanpy_compute_graph/scanpy_compute_graph,Single-cell and spatial analysis,scientific method,5
toolshed.g2.bx.psu.edu/repos/ebi-gxa/scanpy_normalise_data/scanpy_normalise_data,Single-cell and spatial analysis,scientific method,5
toolshed.g2.bx.psu.edu/repos/ebi-gxa/scanpy_find_cluster/scanpy_find_cluster,Single-cell and spatial analysis,scientific method,4
toolshed.g2.bx.psu.edu/repos/ebi-gxa/scanpy_find_variable_genes/scanpy_find_variable_genes,Single-cell and spatial analysis,scientific method,4
toolshed.g2.bx.psu.edu/repos/ebi-gxa/scanpy_run_pca/scanpy_run_pca,Single-cell and spatial analysis,scientific method,3
toolshed.g2.bx.psu.edu/repos/ebi-gxa/scanpy_multiplet_scrublet/scanpy_multiplet_scrublet,Single-cell and spatial analysis,scientific method,2
toolshed.g2.bx.psu.edu/repos/iuc/seurat_create/seurat_create,Single-cell and spatial analysis,scientific method,2
toolshed.g2.bx.psu.edu/repos/ebi-gxa/scanpy_integrate_harmony/scanpy_integrate_harmony,Single-cell and spatial analysis,scientific method,1
toolshed.g2.bx.psu.edu/repos/ebi-gxa/scanpy_plot_embed/scanpy_plot_embed,Single-cell and spatial analysis,scientific method,1
toolshed.g2.bx.psu.edu/repos/goeckslab/squidpy_spatial/squidpy_spatial,Single-cell and spatial analysis,scientific method,1
toolshed.g2.bx.psu.edu/repos/iuc/snapatac2_clustering/snapatac2_clustering,Single-cell and spatial analysis,scientific method,1
Summary_Statistics1,"Statistics, machine learning and enrichment",scientific method,52
toolshed.g2.bx.psu.edu/repos/goeckslab/featurewise_correlation/featurewise_correlation,"Statistics, machine learning and enrichment",scientific method,47
toolshed.g2.bx.psu.edu/repos/goeckslab/nonparametric_rank_tests/nonparametric_rank_tests,"Statistics, machine learning and enrichment",scientific method,42
toolshed.g2.bx.psu.edu/repos/goeckslab/gseapy_enrichr/gseapy_enrichr,"Statistics, machine learning and enrichment",scientific method,30
toolshed.g2.bx.psu.edu/repos/goeckslab/kegg_ora/kegg_ora,"Statistics, machine learning and enrichment",scientific method,26
toolshed.g2.bx.psu.edu/repos/iuc/annotatemyids/annotatemyids,"Statistics, machine learning and enrichment",scientific method,14
toolshed.g2.bx.psu.edu/repos/iuc/gprofiler_gost/gprofiler_gost,"Statistics, machine learning and enrichment",scientific method,9
toolshed.g2.bx.psu.edu/repos/bgruening/sklearn_generalized_linear/sklearn_generalized_linear,"Statistics, machine learning and enrichment",scientific method,4
toolshed.g2.bx.psu.edu/repos/bgruening/sklearn_pairwise_metrics/sklearn_pairwise_metrics,"Statistics, machine learning and enrichment",scientific method,4
toolshed.g2.bx.psu.edu/repos/bgruening/sklearn_pca/sklearn_pca,"Statistics, machine learning and enrichment",scientific method,4
toolshed.g2.bx.psu.edu/repos/iuc/gprofiler_convert/gprofiler_convert,"Statistics, machine learning and enrichment",scientific method,4
toolshed.g2.bx.psu.edu/repos/bgruening/sklearn_numeric_clustering/sklearn_numeric_clustering,"Statistics, machine learning and enrichment",scientific method,3
toolshed.g2.bx.psu.edu/repos/devteam/principal_component_analysis/pca1,"Statistics, machine learning and enrichment",scientific method,3
toolshed.g2.bx.psu.edu/repos/devteam/scatterplot/scatterplot_rpy,"Statistics, machine learning and enrichment",scientific method,3
toolshed.g2.bx.psu.edu/repos/iuc/calculate_numeric_param/calculate_numeric_param,"Statistics, machine learning and enrichment",scientific method,3
toolshed.g2.bx.psu.edu/repos/bgruening/model_prediction/model_prediction,"Statistics, machine learning and enrichment",scientific method,2
toolshed.g2.bx.psu.edu/repos/bgruening/scipy_sparse/scipy_sparse,"Statistics, machine learning and enrichment",scientific method,2
toolshed.g2.bx.psu.edu/repos/bgruening/sklearn_estimator_attributes/sklearn_estimator_attributes,"Statistics, machine learning and enrichment",scientific method,2
toolshed.g2.bx.psu.edu/repos/ethevenot/transformation/Transformation,"Statistics, machine learning and enrichment",scientific method,2
toolshed.g2.bx.psu.edu/repos/iuc/gprofiler_snpense/gprofiler_snpense,"Statistics, machine learning and enrichment",scientific method,2
toolshed.g2.bx.psu.edu/repos/bgruening/sklearn_clf_metrics/sklearn_clf_metrics,"Statistics, machine learning and enrichment",scientific method,1
toolshed.g2.bx.psu.edu/repos/bgruening/sklearn_svm_classifier/sklearn_svm_classifier,"Statistics, machine learning and enrichment",scientific method,1
toolshed.g2.bx.psu.edu/repos/ethevenot/multivariate/Multivariate,"Statistics, machine learning and enrichment",scientific method,1
toolshed.g2.bx.psu.edu/repos/ethevenot/univariate/Univariate,"Statistics, machine learning and enrichment",scientific method,1
toolshed.g2.bx.psu.edu/repos/iuc/ggplot2_heatmap2/ggplot2_heatmap2,"Statistics, machine learning and enrichment",scientific method,1
toolshed.g2.bx.psu.edu/repos/iuc/ggplot2_pca/ggplot2_pca,"Statistics, machine learning and enrichment",scientific method,1
toolshed.g2.bx.psu.edu/repos/devteam/freebayes/freebayes,Variant calling and annotation,scientific method,24
toolshed.g2.bx.psu.edu/repos/iuc/snpeff/snpEff,Variant calling and annotation,scientific method,20
toolshed.g2.bx.psu.edu/repos/iuc/bcftools_query/bcftools_query,Variant calling and annotation,scientific method,19
toolshed.g2.bx.psu.edu/repos/devteam/samtools_mpileup/samtools_mpileup,Variant calling and annotation,scientific method,18
toolshed.g2.bx.psu.edu/repos/iuc/bcftools_mpileup/bcftools_mpileup,Variant calling and annotation,scientific method,18
toolshed.g2.bx.psu.edu/repos/iuc/bcftools_call/bcftools_call,Variant calling and annotation,scientific method,16
toolshed.g2.bx.psu.edu/repos/iuc/bcftools_view/bcftools_view,Variant calling and annotation,scientific method,13
toolshed.g2.bx.psu.edu/repos/iuc/snpsift/snpSift_filter,Variant calling and annotation,scientific method,11
toolshed.g2.bx.psu.edu/repos/iuc/bcftools_query_list_samples/bcftools_query_list_samples,Variant calling and annotation,scientific method,10
toolshed.g2.bx.psu.edu/repos/iuc/arriba/arriba,Variant calling and annotation,scientific method,9
toolshed.g2.bx.psu.edu/repos/iuc/bcftools_norm/bcftools_norm,Variant calling and annotation,scientific method,8
toolshed.g2.bx.psu.edu/repos/iuc/snpsift/snpSift_extractFields,Variant calling and annotation,scientific method,8
toolshed.g2.bx.psu.edu/repos/iuc/bcftools_merge/bcftools_merge,Variant calling and annotation,scientific method,7
toolshed.g2.bx.psu.edu/repos/iuc/bcftools_gtcheck/bcftools_gtcheck,Variant calling and annotation,scientific method,6
toolshed.g2.bx.psu.edu/repos/iuc/bcftools_annotate/bcftools_annotate,Variant calling and annotation,scientific method,4
toolshed.g2.bx.psu.edu/repos/iuc/bcftools_filter/bcftools_filter,Variant calling and annotation,scientific method,3
toolshed.g2.bx.psu.edu/repos/iuc/gatk4_mutect2/gatk4_mutect2,Variant calling and annotation,scientific method,3
toolshed.g2.bx.psu.edu/repos/iuc/lofreq_call/lofreq_call,Variant calling and annotation,scientific method,3
toolshed.g2.bx.psu.edu/repos/iuc/plink/plink,Variant calling and annotation,scientific method,3
toolshed.g2.bx.psu.edu/repos/iuc/bcftools_consensus/bcftools_consensus,Variant calling and annotation,scientific method,2
toolshed.g2.bx.psu.edu/repos/iuc/varscan_mpileup/varscan_mpileup,Variant calling and annotation,scientific method,2
toolshed.g2.bx.bx.psu.edu/repos/iuc/bcftools_annotate/bcftools_annotate,Variant calling and annotation,scientific method,1
toolshed.g2.bx.bx.psu.edu/repos/iuc/bcftools_gtcheck/bcftools_gtcheck,Variant calling and annotation,scientific method,1
toolshed.g2.bx.bx.psu.edu/repos/iuc/bcftools_merge/bcftools_merge,Variant calling and annotation,scientific method,1
toolshed.g2.bx.bx.psu.edu/repos/iuc/bcftools_view/bcftools_view,Variant calling and annotation,scientific method,1
toolshed.g2.bx.psu.edu/repos/devteam/vcf2tsv/vcf2tsv,Variant calling and annotation,scientific method,1
toolshed.g2.bx.psu.edu/repos/devteam/vcfbedintersect/vcfbedintersect,Variant calling and annotation,scientific method,1
toolshed.g2.bx.psu.edu/repos/devteam/vcfcheck/vcfcheck,Variant calling and annotation,scientific method,1
toolshed.g2.bx.psu.edu/repos/devteam/vcftools_slice/vcftools_slice,Variant calling and annotation,scientific method,1
toolshed.g2.bx.psu.edu/repos/iuc/bcftools_csq/bcftools_csq,Variant calling and annotation,scientific method,1
toolshed.g2.bx.psu.edu/repos/iuc/bcftools_isec/bcftools_isec,Variant calling and annotation,scientific method,1
toolshed.g2.bx.psu.edu/repos/iuc/bcftools_plugin_setgt/bcftools_plugin_setgt,Variant calling and annotation,scientific method,1
toolshed.g2.bx.psu.edu/repos/iuc/ivar_consensus/ivar_consensus,Variant calling and annotation,scientific method,1
toolshed.g2.bx.psu.edu/repos/iuc/ivar_variants/ivar_variants,Variant calling and annotation,scientific method,1
