benchmark,code_rejected,galaxy_rejected,sets,denominator
BixBench50,0,0,149,200
BixBench50,0,1,7,200
BixBench50,0,2,1,200
BixBench50,0,3,2,200
BixBench50,1,0,11,200
BixBench50,1,1,2,200
BixBench50,1,2,1,200
BixBench50,1,3,1,200
BixBench50,2,0,2,200
BixBench50,2,1,0,200
BixBench50,2,2,2,200
BixBench50,2,3,0,200
BixBench50,3,0,3,200
BixBench50,3,1,0,200
BixBench50,3,2,2,200
BixBench50,3,3,17,200
CompBio,0,0,283,400
CompBio,0,1,22,400
CompBio,0,2,3,400
CompBio,0,3,1,400
CompBio,1,0,28,400
CompBio,1,1,5,400
CompBio,1,2,11,400
CompBio,1,3,3,400
CompBio,2,0,5,400
CompBio,2,1,2,400
CompBio,2,2,6,400
CompBio,2,3,6,400
CompBio,3,0,2,400
CompBio,3,1,2,400
CompBio,3,2,8,400
CompBio,3,3,13,400
