case_id,purpose,source_file,decompressed_line,line_sha256,expected_evidence_found,evidence_role
R1,wrong filter,BixBench_50/analysis/bix-52-q2/source_snapshots/huggingface_traces/files/galaxy_codex_gpt_5_6_luna_r3/agent_workspace/run_trace/codex_events.jsonl,89,c2aba6de6e54a855e97655065608cb5b52b29a98605e8bc8f69d519a1f7a8589,True,positive recorded action/decision; no absence-of-transcript inference
R1,accepted depleted denominator,BixBench_50/analysis/bix-52-q2/source_snapshots/huggingface_traces/files/galaxy_codex_gpt_5_6_luna_r3/agent_workspace/run_trace/codex_events.jsonl,135,1a06aea922ca90a789854442292c55773117c7edd3714d28850b7ce2d0f8fa22,True,positive recorded action/decision; no absence-of-transcript inference
R1,contrasting row-count assertion,BixBench_50/analysis/bix-52-q2/source_snapshots/huggingface_traces/files/galaxy_codex_gpt_5_6_luna_r1/agent_workspace/run_trace/codex_events.jsonl,195,5348c3f9000390813cbfd1024cd6fa23b27a39c08fa9ff7da8e664151bdcd4be,True,positive recorded action/decision; no absence-of-transcript inference
R2,wrong-run pileup then answer,CompBio/analysis/variant-status-q1/source_snapshots/huggingface_traces/files/open_ended_code_codex_gpt_5_6_sol_r1/agent_workspace/run_trace/codex_events.jsonl.gz,11,be6635cc1bdcf45084a8bd26083f39ae9f0eca5f3962278ee59ddc534e22263d,True,positive recorded action/decision; no absence-of-transcript inference
R2,correct diagnostic hypothesis,CompBio/analysis/variant-status-q1/source_snapshots/huggingface_traces/files/galaxy_codex_gpt_5_6_sol_r2/agent_workspace/run_trace/codex_events.jsonl,25,2cde2773421fd7af65d2bbeaccf1816d919d3513af6c16781da2aba0410448f0,True,positive recorded action/decision; no absence-of-transcript inference
R2,Galaxy diagnostic UDT,CompBio/analysis/variant-status-q1/source_snapshots/huggingface_traces/files/galaxy_codex_gpt_5_6_sol_r2/agent_workspace/run_trace/codex_events.jsonl,40,ec78cc67aaa78ccffdacb792960a38294da8a35f66a6b1015d65c65513aac373,True,positive recorded action/decision; no absence-of-transcript inference
R3,held-out model before replacement,CompBio/analysis/exogenous-mix-reads-q1/source_snapshots/huggingface_traces/files/open_ended_code_codex_gpt_5_5_r1/agent_workspace/run_trace/codex_events.jsonl.gz,26,6d60fffdb24bed4d97c037c4f2cda3ac7d4790c3ccf80afbb4d8730805aef28e,True,positive recorded action/decision; no absence-of-transcript inference
R3,training-set model after replacement,CompBio/analysis/exogenous-mix-reads-q1/source_snapshots/huggingface_traces/files/open_ended_code_codex_gpt_5_5_r1/agent_workspace/run_trace/codex_events.jsonl.gz,30,01ac5982cc5fd0603bf47332f14c8103b5413c5f4c341d33ff15c5dddb6d73b8,True,positive recorded action/decision; no absence-of-transcript inference
R3,Galaxy in-sample diagnostic,CompBio/analysis/exogenous-mix-reads-q1/source_snapshots/huggingface_traces/files/galaxy_codex_gpt_5_5_r1/agent_workspace/run_trace/codex_events.jsonl,20,35e6ea551167a54f922d858ffc901ef65917f5b06631102eb9461f6b94937c9b,True,positive recorded action/decision; no absence-of-transcript inference
R3,contrasting grouped validation,CompBio/analysis/exogenous-mix-reads-q1/source_snapshots/huggingface_traces/files/galaxy_codex_gpt_5_6_sol_r2/agent_workspace/run_trace/codex_events.jsonl,32,66a966ecee3a5e658931d3ce3eadc88bafb0e29b739d20f0eec372a9182487ec,True,positive recorded action/decision; no absence-of-transcript inference
R4,explicit input-policy conflict,IWC/analysis/wf_007_vgp_mitogenome_assembly/source_snapshots/huggingface_traces/files/galaxy_gpt_5_5_r1/agent_workspace/run_trace/codex_events.jsonl,32,a9129bb13d44dd037b9911d95aae1d36f0b4d29f698f49e8657178523a39c9b7,True,positive recorded action/decision; no absence-of-transcript inference
R4,explicit candidate criteria,IWC/analysis/wf_007_vgp_mitogenome_assembly/source_snapshots/huggingface_traces/files/galaxy_gpt_5_5_r1/agent_workspace/run_trace/codex_events.jsonl,82,58fc31eb9207516d10b9d23b1a4f4c7c081e9a252ebc30259c0a75787b3573aa,True,positive recorded action/decision; no absence-of-transcript inference
R4,explicit circular validation,IWC/analysis/wf_007_vgp_mitogenome_assembly/source_snapshots/huggingface_traces/files/open_ended_code_codex_deepseek_v4_pro_r2/agent_workspace/run_trace/codex_events.jsonl.gz,193,e5084920cd739d70d01620a0d0722e620516beef3c2ac497603e46569e8be433,True,positive recorded action/decision; no absence-of-transcript inference
R5,claimed direct identity check,CompBio/analysis/histone-chip-q1/source_snapshots/huggingface_traces/files/galaxy_codex_deepseek_v4_pro_0813_r1/agent_workspace/run_trace/codex_events.jsonl.gz,294,a53e293a97925fa45de98e2a7f54cd0eee15f473f05b5b0ecaf28cdf9a8e24ca,True,positive recorded action/decision; no absence-of-transcript inference
R5,returned negative cross-check,CompBio/analysis/histone-chip-q1/source_snapshots/huggingface_traces/files/galaxy_codex_deepseek_v4_pro_0813_r1/agent_workspace/run_trace/codex_events.jsonl.gz,396,7a0665e7101bcf5125befa9f377e92cd0a09e676fa5e6b667bdd3b9bc5e72b9d,True,positive recorded action/decision; no absence-of-transcript inference
R5,returned negative cross-check,CompBio/analysis/histone-chip-q1/source_snapshots/huggingface_traces/files/galaxy_codex_deepseek_v4_pro_0813_r1/agent_workspace/run_trace/codex_events.jsonl.gz,436,4505aa2e0aedcdfe28b858fbed50b18cd73b6af8a2825a2619da81dc5dc49400,True,positive recorded action/decision; no absence-of-transcript inference
