benchmark,assigned_arm,channel,observed_error_events,errors_in_accepted_runs
BixBench-Verified-50,Galaxy condition,Galaxy job,374,318
BixBench-Verified-50,Galaxy condition,shell command,836,649
BixBench-Verified-50,Open-ended code condition,shell command,1305,1020
CompBioBench,Galaxy condition,Galaxy job,3052,2432
CompBioBench,Galaxy condition,shell command,2221,1798
CompBioBench,Open-ended code condition,shell command,3442,2584
IWC,Galaxy condition,Galaxy job,181,179
IWC,Galaxy condition,shell command,230,208
IWC,Open-ended code condition,shell command,498,395
