benchmark,cause_group,category,label,tasks,denominator_tasks,percent,rejected_primary_runs,denominator_runs,verification_tagged_tasks,unit
BixBench-Verified-50,"Benchmark, reference or provenance",C1,Equivalent answer representation,0,22,0.0,0,170,0,task with at least one rejected primary run
BixBench-Verified-50,"Benchmark, reference or provenance",C2,Scoring/evaluator artifact,2,22,9.090909090909092,37,170,0,task with at least one rejected primary run
BixBench-Verified-50,"Benchmark, reference or provenance",C3,Reference depends on an unstated choice,10,22,45.45454545454545,93,170,2,task with at least one rejected primary run
BixBench-Verified-50,Galaxy platform or wrapper,C4,Galaxy platform/wrapper/server,3,22,13.636363636363637,7,170,2,task with at least one rejected primary run
BixBench-Verified-50,Agent analysis,C5,Agent analysis error (broad composite),5,22,22.727272727272727,10,170,3,task with at least one rejected primary run
BixBench-Verified-50,"Benchmark, reference or provenance",C6,Execution provenance/answer exposure,1,22,4.545454545454546,22,170,0,task with at least one rejected primary run
BixBench-Verified-50,Other,C7,Score conceals changed scientific conclusion,0,22,0.0,0,170,0,task with at least one rejected primary run
BixBench-Verified-50,Other,C8,Completion failure,1,22,4.545454545454546,1,170,0,task with at least one rejected primary run
CompBioBench,"Benchmark, reference or provenance",C1,Equivalent answer representation,2,51,3.9215686274509802,5,315,0,task with at least one rejected primary run
CompBioBench,"Benchmark, reference or provenance",C2,Scoring/evaluator artifact,0,51,0.0,0,315,0,task with at least one rejected primary run
CompBioBench,"Benchmark, reference or provenance",C3,Reference depends on an unstated choice,8,51,15.686274509803921,94,315,1,task with at least one rejected primary run
CompBioBench,Galaxy platform or wrapper,C4,Galaxy platform/wrapper/server,4,51,7.8431372549019605,28,315,3,task with at least one rejected primary run
CompBioBench,Agent analysis,C5,Agent analysis error (broad composite),37,51,72.54901960784314,188,315,31,task with at least one rejected primary run
CompBioBench,"Benchmark, reference or provenance",C6,Execution provenance/answer exposure,0,51,0.0,0,315,0,task with at least one rejected primary run
CompBioBench,Other,C7,Score conceals changed scientific conclusion,0,51,0.0,0,315,0,task with at least one rejected primary run
CompBioBench,Other,C8,Completion failure,0,51,0.0,0,315,0,task with at least one rejected primary run
Both binary benchmarks,"Benchmark, reference or provenance",C1,Equivalent answer representation,2,73,2.73972602739726,5,485,0,task with at least one rejected primary run
Both binary benchmarks,"Benchmark, reference or provenance",C2,Scoring/evaluator artifact,2,73,2.73972602739726,37,485,0,task with at least one rejected primary run
Both binary benchmarks,"Benchmark, reference or provenance",C3,Reference depends on an unstated choice,18,73,24.65753424657534,187,485,3,task with at least one rejected primary run
Both binary benchmarks,Galaxy platform or wrapper,C4,Galaxy platform/wrapper/server,7,73,9.58904109589041,35,485,5,task with at least one rejected primary run
Both binary benchmarks,Agent analysis,C5,Agent analysis error (broad composite),42,73,57.534246575342465,198,485,34,task with at least one rejected primary run
Both binary benchmarks,"Benchmark, reference or provenance",C6,Execution provenance/answer exposure,1,73,1.36986301369863,22,485,0,task with at least one rejected primary run
Both binary benchmarks,Other,C7,Score conceals changed scientific conclusion,0,73,0.0,0,485,0,task with at least one rejected primary run
Both binary benchmarks,Other,C8,Completion failure,1,73,1.36986301369863,1,485,0,task with at least one rejected primary run
