benchmark,tag,task_cases,denominator_cases,percent,exclusive,unit
BixBench-Verified-50,benchmark-answer-retrieval,7,33,21.21212121212121,False,audited task case
BixBench-Verified-50,domain-knowledge-error,6,33,18.181818181818183,False,audited task case
BixBench-Verified-50,equivalent-answer,6,33,18.181818181818183,False,audited task case
BixBench-Verified-50,evaluator-false-negative,6,33,18.181818181818183,False,audited task case
BixBench-Verified-50,evaluator-false-positive,2,33,6.0606060606060606,False,audited task case
BixBench-Verified-50,format-contract-error,2,33,6.0606060606060606,False,audited task case
BixBench-Verified-50,galaxy-platform-defect,3,33,9.090909090909092,False,audited task case
BixBench-Verified-50,insufficient-verification,10,33,30.303030303030305,False,audited task case
BixBench-Verified-50,no-answer,3,33,9.090909090909092,False,audited task case
BixBench-Verified-50,numerical-instability,2,33,6.0606060606060606,False,audited task case
BixBench-Verified-50,reference-questionable,8,33,24.242424242424242,False,audited task case
BixBench-Verified-50,route-divergence,11,33,33.333333333333336,False,audited task case
BixBench-Verified-50,run-truncated-or-timeout,3,33,9.090909090909092,False,audited task case
BixBench-Verified-50,scientific-method-error,11,33,33.333333333333336,False,audited task case
BixBench-Verified-50,silent-parameter-substitution,1,33,3.0303030303030303,False,audited task case
BixBench-Verified-50,source-version-drift,1,33,3.0303030303030303,False,audited task case
BixBench-Verified-50,statistical-error,4,33,12.121212121212121,False,audited task case
BixBench-Verified-50,tool-version-difference,5,33,15.151515151515152,False,audited task case
BixBench-Verified-50,underspecified-task,11,33,33.333333333333336,False,audited task case
BixBench-Verified-50,wrapper-semantics,8,33,24.242424242424242,False,audited task case
CompBioBench,benchmark-answer-retrieval,17,53,32.075471698113205,False,audited task case
CompBioBench,cross-run-output-reuse,2,53,3.7735849056603774,False,audited task case
CompBioBench,domain-knowledge-error,18,53,33.9622641509434,False,audited task case
CompBioBench,equivalent-answer,5,53,9.433962264150944,False,audited task case
CompBioBench,evaluator-false-negative,1,53,1.8867924528301887,False,audited task case
CompBioBench,format-contract-error,6,53,11.320754716981131,False,audited task case
CompBioBench,galaxy-platform-defect,10,53,18.867924528301888,False,audited task case
CompBioBench,insufficient-verification,35,53,66.0377358490566,False,audited task case
CompBioBench,local-fallback-in-galaxy,11,53,20.754716981132077,False,audited task case
CompBioBench,no-answer,1,53,1.8867924528301887,False,audited task case
CompBioBench,numerical-instability,1,53,1.8867924528301887,False,audited task case
CompBioBench,reference-questionable,6,53,11.320754716981131,False,audited task case
CompBioBench,route-divergence,17,53,32.075471698113205,False,audited task case
CompBioBench,run-truncated-or-timeout,2,53,3.7735849056603774,False,audited task case
CompBioBench,scientific-method-error,25,53,47.16981132075472,False,audited task case
CompBioBench,silent-parameter-substitution,1,53,1.8867924528301887,False,audited task case
CompBioBench,source-version-drift,4,53,7.547169811320755,False,audited task case
CompBioBench,statistical-error,9,53,16.9811320754717,False,audited task case
CompBioBench,tool-version-difference,2,53,3.7735849056603774,False,audited task case
CompBioBench,underspecified-task,14,53,26.41509433962264,False,audited task case
CompBioBench,wrapper-semantics,8,53,15.09433962264151,False,audited task case
IWC,benchmark-answer-retrieval,2,7,28.571428571428573,False,audited task case
IWC,domain-knowledge-error,1,7,14.285714285714286,False,audited task case
IWC,equivalent-answer,1,7,14.285714285714286,False,audited task case
IWC,evaluator-false-negative,2,7,28.571428571428573,False,audited task case
IWC,format-contract-error,2,7,28.571428571428573,False,audited task case
IWC,galaxy-platform-defect,1,7,14.285714285714286,False,audited task case
IWC,insufficient-verification,2,7,28.571428571428573,False,audited task case
IWC,local-fallback-in-galaxy,1,7,14.285714285714286,False,audited task case
IWC,provenance-anomaly,1,7,14.285714285714286,False,audited task case
IWC,reference-questionable,1,7,14.285714285714286,False,audited task case
IWC,route-divergence,5,7,71.42857142857143,False,audited task case
IWC,scientific-method-error,2,7,28.571428571428573,False,audited task case
IWC,statistical-error,1,7,14.285714285714286,False,audited task case
IWC,tool-version-difference,2,7,28.571428571428573,False,audited task case
IWC,underspecified-task,5,7,71.42857142857143,False,audited task case
IWC,unregistered-route,2,7,28.571428571428573,False,audited task case
All audited cases,benchmark-answer-retrieval,26,93,27.956989247311828,False,audited task case
All audited cases,cross-run-output-reuse,2,93,2.150537634408602,False,audited task case
All audited cases,domain-knowledge-error,25,93,26.881720430107528,False,audited task case
All audited cases,equivalent-answer,12,93,12.903225806451612,False,audited task case
All audited cases,evaluator-false-negative,9,93,9.67741935483871,False,audited task case
All audited cases,evaluator-false-positive,2,93,2.150537634408602,False,audited task case
All audited cases,format-contract-error,10,93,10.75268817204301,False,audited task case
All audited cases,galaxy-platform-defect,14,93,15.053763440860216,False,audited task case
All audited cases,insufficient-verification,47,93,50.53763440860215,False,audited task case
All audited cases,local-fallback-in-galaxy,12,93,12.903225806451612,False,audited task case
All audited cases,no-answer,4,93,4.301075268817204,False,audited task case
All audited cases,numerical-instability,3,93,3.225806451612903,False,audited task case
All audited cases,provenance-anomaly,1,93,1.075268817204301,False,audited task case
All audited cases,reference-questionable,15,93,16.129032258064516,False,audited task case
All audited cases,route-divergence,33,93,35.483870967741936,False,audited task case
All audited cases,run-truncated-or-timeout,5,93,5.376344086021505,False,audited task case
All audited cases,scientific-method-error,38,93,40.86021505376344,False,audited task case
All audited cases,silent-parameter-substitution,2,93,2.150537634408602,False,audited task case
All audited cases,source-version-drift,5,93,5.376344086021505,False,audited task case
All audited cases,statistical-error,14,93,15.053763440860216,False,audited task case
All audited cases,tool-version-difference,9,93,9.67741935483871,False,audited task case
All audited cases,underspecified-task,30,93,32.25806451612903,False,audited task case
All audited cases,unregistered-route,2,93,2.150537634408602,False,audited task case
All audited cases,wrapper-semantics,16,93,17.204301075268816,False,audited task case
