benchmark,category,label,task_cases,denominator_cases,percent,unit
BixBench-Verified-50,C1,Equivalent answer representation,1,33,3.0303030303030303,audited task case
BixBench-Verified-50,C2,Scoring/evaluator artifact,2,33,6.0606060606060606,audited task case
BixBench-Verified-50,C3,Reference depends on an unstated choice,11,33,33.333333333333336,audited task case
BixBench-Verified-50,C4,Galaxy platform/wrapper/server,4,33,12.121212121212121,audited task case
BixBench-Verified-50,C5,Agent analysis error (broad composite),13,33,39.39393939393939,audited task case
BixBench-Verified-50,C6,Execution provenance/answer exposure,1,33,3.0303030303030303,audited task case
BixBench-Verified-50,C7,Score conceals changed scientific conclusion,0,33,0.0,audited task case
BixBench-Verified-50,C8,Completion failure,1,33,3.0303030303030303,audited task case
CompBioBench,C1,Equivalent answer representation,4,53,7.547169811320755,audited task case
CompBioBench,C2,Scoring/evaluator artifact,0,53,0.0,audited task case
CompBioBench,C3,Reference depends on an unstated choice,8,53,15.09433962264151,audited task case
CompBioBench,C4,Galaxy platform/wrapper/server,4,53,7.547169811320755,audited task case
CompBioBench,C5,Agent analysis error (broad composite),37,53,69.81132075471699,audited task case
CompBioBench,C6,Execution provenance/answer exposure,0,53,0.0,audited task case
CompBioBench,C7,Score conceals changed scientific conclusion,0,53,0.0,audited task case
CompBioBench,C8,Completion failure,0,53,0.0,audited task case
IWC,C1,Equivalent answer representation,1,7,14.285714285714286,audited task case
IWC,C2,Scoring/evaluator artifact,2,7,28.571428571428573,audited task case
IWC,C3,Reference depends on an unstated choice,1,7,14.285714285714286,audited task case
IWC,C4,Galaxy platform/wrapper/server,0,7,0.0,audited task case
IWC,C5,Agent analysis error (broad composite),2,7,28.571428571428573,audited task case
IWC,C6,Execution provenance/answer exposure,0,7,0.0,audited task case
IWC,C7,Score conceals changed scientific conclusion,1,7,14.285714285714286,audited task case
IWC,C8,Completion failure,0,7,0.0,audited task case
All audited cases,C1,Equivalent answer representation,6,93,6.451612903225806,audited task case
All audited cases,C2,Scoring/evaluator artifact,4,93,4.301075268817204,audited task case
All audited cases,C3,Reference depends on an unstated choice,20,93,21.50537634408602,audited task case
All audited cases,C4,Galaxy platform/wrapper/server,8,93,8.602150537634408,audited task case
All audited cases,C5,Agent analysis error (broad composite),52,93,55.913978494623656,audited task case
All audited cases,C6,Execution provenance/answer exposure,1,93,1.075268817204301,audited task case
All audited cases,C7,Score conceals changed scientific conclusion,1,93,1.075268817204301,audited task case
All audited cases,C8,Completion failure,1,93,1.075268817204301,audited task case
