scope,insufficient_verification_tag,domain_knowledge_tag,tag_combination,task_cases,denominator_cases
All audited cases,False,False,Neither tag,39,93
All audited cases,False,True,Domain only,7,93
All audited cases,True,False,Verification only,29,93
All audited cases,True,True,Verification and domain,18,93
C5 agent-analysis cases,False,False,Neither tag,11,52
C5 agent-analysis cases,False,True,Domain only,4,52
C5 agent-analysis cases,True,False,Verification only,21,52
C5 agent-analysis cases,True,True,Verification and domain,16,52
Census: tasks with a rejected primary run,False,False,Neither tag,27,73
Census: tasks with a rejected primary run,False,True,Domain only,4,73
Census: tasks with a rejected primary run,True,False,Verification only,25,73
Census: tasks with a rejected primary run,True,True,Verification and domain,17,73
Census: agent-analysis tasks,False,False,Neither tag,7,42
Census: agent-analysis tasks,False,True,Domain only,1,42
Census: agent-analysis tasks,True,False,Verification only,19,42
Census: agent-analysis tasks,True,True,Verification and domain,15,42
