benchmark,task,primary_category,primary_category_label,cause_group,tags,insufficient_verification_tag,domain_knowledge_tag,primary_failing_task,max_rejected_in_primary_set,rejected_primary_runs,persistence,audit_source,selection
BixBench-Verified-50,bix-53-q2,C2,Scoring/evaluator artifact,"Benchmark, reference or provenance",evaluator-false-negative;equivalent-answer;format-contract-error,False,False,True,3,24,persistent (a set rejected 3/3),individual_error_analysis.md,census: task with at least one rejected run in any archived configuration
BixBench-Verified-50,bix-61-q5,C3,Reference depends on an unstated choice,"Benchmark, reference or provenance",reference-questionable;underspecified-task;equivalent-answer;route-divergence,False,False,True,3,24,persistent (a set rejected 3/3),individual_error_analysis.md,census: task with at least one rejected run in any archived configuration
BixBench-Verified-50,bix-26-q5,C3,Reference depends on an unstated choice,"Benchmark, reference or provenance",benchmark-answer-retrieval;reference-questionable;underspecified-task;source-version-drift;route-divergence,False,False,True,3,23,persistent (a set rejected 3/3),individual_error_analysis.md,census: task with at least one rejected run in any archived configuration
BixBench-Verified-50,bix-54-q7,C6,Execution provenance/answer exposure,"Benchmark, reference or provenance",benchmark-answer-retrieval;reference-questionable;underspecified-task;evaluator-false-negative,False,False,True,3,22,persistent (a set rejected 3/3),individual_error_analysis.md,census: task with at least one rejected run in any archived configuration
BixBench-Verified-50,bix-45-q1,C3,Reference depends on an unstated choice,"Benchmark, reference or provenance",tool-version-difference;reference-questionable;evaluator-false-negative;equivalent-answer;wrapper-semantics,False,False,True,3,16,persistent (a set rejected 3/3),individual_error_analysis.md,census: task with at least one rejected run in any archived configuration
BixBench-Verified-50,bix-43-q2,C2,Scoring/evaluator artifact,"Benchmark, reference or provenance",evaluator-false-negative;tool-version-difference;numerical-instability;equivalent-answer;reference-questionable,False,False,True,3,13,persistent (a set rejected 3/3),individual_error_analysis.md,census: task with at least one rejected run in any archived configuration
BixBench-Verified-50,bix-16-q1,C3,Reference depends on an unstated choice,"Benchmark, reference or provenance",underspecified-task;domain-knowledge-error;insufficient-verification;scientific-method-error,True,True,True,2,6,sporadic (1-2 rejected per set),individual_error_analysis.md,census: task with at least one rejected run in any archived configuration
BixBench-Verified-50,bix-30-q3,C3,Reference depends on an unstated choice,"Benchmark, reference or provenance",reference-questionable;underspecified-task;route-divergence;benchmark-answer-retrieval,False,False,True,3,8,persistent (a set rejected 3/3),individual_error_analysis.md,census: task with at least one rejected run in any archived configuration
BixBench-Verified-50,bix-32-q2,C3,Reference depends on an unstated choice,"Benchmark, reference or provenance",underspecified-task;route-divergence;scientific-method-error;benchmark-answer-retrieval,False,False,True,3,6,persistent (a set rejected 3/3),individual_error_analysis.md,census: task with at least one rejected run in any archived configuration
BixBench-Verified-50,bix-12-q4,C5,Agent analysis error (broad composite),Agent analysis,scientific-method-error;underspecified-task;route-divergence,False,False,True,1,1,sporadic (1-2 rejected per set),individual_error_analysis.md,census: task with at least one rejected run in any archived configuration
BixBench-Verified-50,bix-14-q1,C5,Agent analysis error (broad composite),Agent analysis,domain-knowledge-error;evaluator-false-positive;insufficient-verification;underspecified-task,True,True,True,3,6,persistent (a set rejected 3/3),individual_error_analysis.md,census: task with at least one rejected run in any archived configuration
BixBench-Verified-50,bix-27-q5,C3,Reference depends on an unstated choice,"Benchmark, reference or provenance",underspecified-task;reference-questionable;evaluator-false-negative;equivalent-answer;no-answer,False,False,True,1,3,sporadic (1-2 rejected per set),individual_error_analysis.md,census: task with at least one rejected run in any archived configuration
BixBench-Verified-50,bix-31-q2,C4,Galaxy platform/wrapper/server,Galaxy platform or wrapper,galaxy-platform-defect;route-divergence;tool-version-difference;scientific-method-error;numerical-instability,False,False,True,2,3,sporadic (1-2 rejected per set),individual_error_analysis.md,census: task with at least one rejected run in any archived configuration
BixBench-Verified-50,bix-34-q5,C5,Agent analysis error (broad composite),Agent analysis,scientific-method-error;route-divergence;run-truncated-or-timeout,False,False,False,0,0,no primary rejection,individual_error_analysis.md,census: task with at least one rejected run in any archived configuration
BixBench-Verified-50,bix-43-q4,C3,Reference depends on an unstated choice,"Benchmark, reference or provenance",underspecified-task;reference-questionable;wrapper-semantics;insufficient-verification,True,False,True,1,3,sporadic (1-2 rejected per set),individual_error_analysis.md,census: task with at least one rejected run in any archived configuration
BixBench-Verified-50,bix-52-q7,C4,Galaxy platform/wrapper/server,Galaxy platform or wrapper,wrapper-semantics;insufficient-verification;domain-knowledge-error;no-answer;run-truncated-or-timeout,True,True,True,2,3,sporadic (1-2 rejected per set),individual_error_analysis.md,census: task with at least one rejected run in any archived configuration
BixBench-Verified-50,bix-12-q6,C5,Agent analysis error (broad composite),Agent analysis,scientific-method-error;statistical-error;benchmark-answer-retrieval,False,False,True,1,1,sporadic (1-2 rejected per set),individual_error_analysis.md,census: task with at least one rejected run in any archived configuration
BixBench-Verified-50,bix-35-q2,C5,Agent analysis error (broad composite),Agent analysis,scientific-method-error;route-divergence,False,False,False,0,0,no primary rejection,individual_error_analysis.md,census: task with at least one rejected run in any archived configuration
BixBench-Verified-50,bix-55-q1,C3,Reference depends on an unstated choice,"Benchmark, reference or provenance",tool-version-difference;scientific-method-error,False,False,True,1,2,sporadic (1-2 rejected per set),individual_error_analysis.md,census: task with at least one rejected run in any archived configuration
BixBench-Verified-50,bix-12-q2,C5,Agent analysis error (broad composite),Agent analysis,domain-knowledge-error;evaluator-false-positive,False,True,False,0,0,no primary rejection,individual_error_analysis.md,census: task with at least one rejected run in any archived configuration
BixBench-Verified-50,bix-12-q5,C5,Agent analysis error (broad composite),Agent analysis,domain-knowledge-error,False,True,False,0,0,no primary rejection,individual_error_analysis.md,census: task with at least one rejected run in any archived configuration
BixBench-Verified-50,bix-16-q4,C5,Agent analysis error (broad composite),Agent analysis,statistical-error;insufficient-verification,True,False,True,1,1,sporadic (1-2 rejected per set),individual_error_analysis.md,census: task with at least one rejected run in any archived configuration
BixBench-Verified-50,bix-24-q2,C3,Reference depends on an unstated choice,"Benchmark, reference or provenance",underspecified-task;route-divergence;statistical-error,False,False,True,1,2,sporadic (1-2 rejected per set),individual_error_analysis.md,census: task with at least one rejected run in any archived configuration
BixBench-Verified-50,bix-49-q4,C3,Reference depends on an unstated choice,"Benchmark, reference or provenance",wrapper-semantics;tool-version-difference;route-divergence,False,False,False,0,0,no primary rejection,individual_error_analysis.md,census: task with at least one rejected run in any archived configuration
BixBench-Verified-50,bix-16-q3,C5,Agent analysis error (broad composite),Agent analysis,domain-knowledge-error;wrapper-semantics;benchmark-answer-retrieval,False,True,False,0,0,no primary rejection,individual_error_analysis.md,census: task with at least one rejected run in any archived configuration
BixBench-Verified-50,bix-22-q1,C5,Agent analysis error (broad composite),Agent analysis,insufficient-verification;scientific-method-error,True,False,False,0,0,no primary rejection,individual_error_analysis.md,census: task with at least one rejected run in any archived configuration
BixBench-Verified-50,bix-28-q3,C4,Galaxy platform/wrapper/server,Galaxy platform or wrapper,galaxy-platform-defect;wrapper-semantics;insufficient-verification,True,False,True,1,1,sporadic (1-2 rejected per set),individual_error_analysis.md,census: task with at least one rejected run in any archived configuration
BixBench-Verified-50,bix-35-q1,C4,Galaxy platform/wrapper/server,Galaxy platform or wrapper,silent-parameter-substitution;galaxy-platform-defect;wrapper-semantics;insufficient-verification,True,False,False,0,0,no primary rejection,individual_error_analysis.md,census: task with at least one rejected run in any archived configuration
BixBench-Verified-50,bix-46-q4,C8,Completion failure,Other,no-answer;run-truncated-or-timeout,False,False,True,1,1,sporadic (1-2 rejected per set),individual_error_analysis.md,census: task with at least one rejected run in any archived configuration
BixBench-Verified-50,bix-51-q8,C5,Agent analysis error (broad composite),Agent analysis,statistical-error;wrapper-semantics;insufficient-verification,True,False,False,0,0,no primary rejection,individual_error_analysis.md,census: task with at least one rejected run in any archived configuration
BixBench-Verified-50,bix-52-q2,C5,Agent analysis error (broad composite),Agent analysis,insufficient-verification;scientific-method-error,True,False,True,1,1,sporadic (1-2 rejected per set),individual_error_analysis.md,census: task with at least one rejected run in any archived configuration
BixBench-Verified-50,bix-53-q5,C1,Equivalent answer representation,"Benchmark, reference or provenance",equivalent-answer;format-contract-error;evaluator-false-negative;benchmark-answer-retrieval,False,False,False,0,0,no primary rejection,individual_error_analysis.md,census: task with at least one rejected run in any archived configuration
BixBench-Verified-50,bix-61-q2,C5,Agent analysis error (broad composite),Agent analysis,scientific-method-error;route-divergence,False,False,False,0,0,no primary rejection,individual_error_analysis.md,census: task with at least one rejected run in any archived configuration
CompBioBench,genome-coords-q1,C3,Reference depends on an unstated choice,"Benchmark, reference or provenance",reference-questionable;underspecified-task;domain-knowledge-error,False,True,True,3,24,persistent (a set rejected 3/3),individual_error_analysis.md,census: task with at least one run deviating from the reconstructed key in any archived configuration
CompBioBench,encode-atac-pipeline-q1,C4,Galaxy platform/wrapper/server,Galaxy platform or wrapper,galaxy-platform-defect;wrapper-semantics;silent-parameter-substitution;tool-version-difference;local-fallback-in-galaxy;reference-questionable;cross-run-output-reuse;insufficient-verification,True,False,True,3,22,persistent (a set rejected 3/3),individual_error_analysis.md,census: task with at least one run deviating from the reconstructed key in any archived configuration
CompBioBench,variant-status-q1,C5,Agent analysis error (broad composite),Agent analysis,scientific-method-error;insufficient-verification;domain-knowledge-error;benchmark-answer-retrieval,True,True,True,3,20,persistent (a set rejected 3/3),individual_error_analysis.md,census: task with at least one run deviating from the reconstructed key in any archived configuration
CompBioBench,ml-model-track-overlap-q1,C5,Agent analysis error (broad composite),Agent analysis,scientific-method-error;insufficient-verification;route-divergence;underspecified-task;wrapper-semantics,True,False,True,3,19,persistent (a set rejected 3/3),individual_error_analysis.md,census: task with at least one run deviating from the reconstructed key in any archived configuration
CompBioBench,reverse-search-gwas-q1,C5,Agent analysis error (broad composite),Agent analysis,benchmark-answer-retrieval;insufficient-verification;source-version-drift;local-fallback-in-galaxy;route-divergence,True,False,True,3,18,persistent (a set rejected 3/3),individual_error_analysis.md,census: task with at least one run deviating from the reconstructed key in any archived configuration
CompBioBench,protein-shape-q1,C3,Reference depends on an unstated choice,"Benchmark, reference or provenance",reference-questionable;benchmark-answer-retrieval;underspecified-task;route-divergence,False,False,True,3,17,persistent (a set rejected 3/3),individual_error_analysis.md,census: task with at least one run deviating from the reconstructed key in any archived configuration
CompBioBench,tissue-fibroblast-q1,C3,Reference depends on an unstated choice,"Benchmark, reference or provenance",reference-questionable;benchmark-answer-retrieval;route-divergence;local-fallback-in-galaxy;underspecified-task,False,False,True,3,17,persistent (a set rejected 3/3),individual_error_analysis.md,census: task with at least one run deviating from the reconstructed key in any archived configuration
CompBioBench,odd-one-out-q1,C3,Reference depends on an unstated choice,"Benchmark, reference or provenance",reference-questionable;scientific-method-error;insufficient-verification;route-divergence;underspecified-task,True,False,True,3,16,persistent (a set rejected 3/3),individual_error_analysis.md,census: task with at least one run deviating from the reconstructed key in any archived configuration
CompBioBench,contaminated-rna-q2,C5,Agent analysis error (broad composite),Agent analysis,domain-knowledge-error;scientific-method-error;benchmark-answer-retrieval;insufficient-verification,True,True,True,3,12,persistent (a set rejected 3/3),individual_error_analysis.md,census: task with at least one run deviating from the reconstructed key in any archived configuration
CompBioBench,contaminated-rna-q3,C5,Agent analysis error (broad composite),Agent analysis,galaxy-platform-defect;route-divergence;domain-knowledge-error;source-version-drift;insufficient-verification;underspecified-task,True,True,True,3,10,persistent (a set rejected 3/3),individual_error_analysis.md,census: task with at least one run deviating from the reconstructed key in any archived configuration
CompBioBench,lung-cancer-sc-q1,C3,Reference depends on an unstated choice,"Benchmark, reference or provenance",underspecified-task;reference-questionable;equivalent-answer;domain-knowledge-error;benchmark-answer-retrieval,False,True,True,2,9,sporadic (1-2 rejected per set),individual_error_analysis.md,census: task with at least one run deviating from the reconstructed key in any archived configuration
CompBioBench,annotate-variant-regulatory-overlap-q1,C1,Equivalent answer representation,"Benchmark, reference or provenance",equivalent-answer;evaluator-false-negative;format-contract-error,False,False,False,0,0,no primary rejection,individual_error_analysis.md,census: task with at least one run deviating from the reconstructed key in any archived configuration
CompBioBench,characterize-response-q1,C5,Agent analysis error (broad composite),Agent analysis,route-divergence;domain-knowledge-error;insufficient-verification;benchmark-answer-retrieval,True,True,True,3,9,persistent (a set rejected 3/3),individual_error_analysis.md,census: task with at least one run deviating from the reconstructed key in any archived configuration
CompBioBench,conservation-lookup-q1,C5,Agent analysis error (broad composite),Agent analysis,scientific-method-error;underspecified-task;source-version-drift,False,False,True,3,9,persistent (a set rejected 3/3),individual_error_analysis.md,census: task with at least one run deviating from the reconstructed key in any archived configuration
CompBioBench,ep-interactions-q1,C5,Agent analysis error (broad composite),Agent analysis,scientific-method-error;statistical-error;insufficient-verification,True,False,True,3,8,persistent (a set rejected 3/3),individual_error_analysis.md,census: task with at least one run deviating from the reconstructed key in any archived configuration
CompBioBench,exogenous-mix-reads-q2,C5,Agent analysis error (broad composite),Agent analysis,scientific-method-error;domain-knowledge-error;insufficient-verification,True,True,True,3,8,persistent (a set rejected 3/3),individual_error_analysis.md,census: task with at least one run deviating from the reconstructed key in any archived configuration
CompBioBench,three-way-barnyard-q2,C3,Reference depends on an unstated choice,"Benchmark, reference or provenance",underspecified-task;wrapper-semantics;statistical-error;domain-knowledge-error;format-contract-error,False,True,True,2,8,sporadic (1-2 rejected per set),individual_error_analysis.md,census: task with at least one run deviating from the reconstructed key in any archived configuration
CompBioBench,afgr-1000g-intersect-atac-q1,C5,Agent analysis error (broad composite),Agent analysis,domain-knowledge-error;insufficient-verification,True,True,True,2,7,sporadic (1-2 rejected per set),individual_error_analysis.md,census: task with at least one run deviating from the reconstructed key in any archived configuration
CompBioBench,overexpress-tf-q1,C5,Agent analysis error (broad composite),Agent analysis,statistical-error;scientific-method-error;insufficient-verification;local-fallback-in-galaxy,True,False,True,2,7,sporadic (1-2 rejected per set),individual_error_analysis.md,census: task with at least one run deviating from the reconstructed key in any archived configuration
CompBioBench,finding-geo-q1,C5,Agent analysis error (broad composite),Agent analysis,insufficient-verification;domain-knowledge-error;no-answer;local-fallback-in-galaxy,True,True,True,3,6,persistent (a set rejected 3/3),individual_error_analysis.md,census: task with at least one run deviating from the reconstructed key in any archived configuration
CompBioBench,atac-tn5-shift-q1,C5,Agent analysis error (broad composite),Agent analysis,scientific-method-error;local-fallback-in-galaxy;galaxy-platform-defect;benchmark-answer-retrieval,False,False,True,2,5,sporadic (1-2 rejected per set),individual_error_analysis.md,census: task with at least one run deviating from the reconstructed key in any archived configuration
CompBioBench,chip-pioneer-q1,C5,Agent analysis error (broad composite),Agent analysis,scientific-method-error;statistical-error;insufficient-verification,True,False,True,3,5,persistent (a set rejected 3/3),individual_error_analysis.md,census: task with at least one run deviating from the reconstructed key in any archived configuration
CompBioBench,covid-patient-q1,C5,Agent analysis error (broad composite),Agent analysis,domain-knowledge-error;scientific-method-error;benchmark-answer-retrieval,False,True,True,2,5,sporadic (1-2 rejected per set),individual_error_analysis.md,census: task with at least one run deviating from the reconstructed key in any archived configuration
CompBioBench,atac-doublet-q1,C5,Agent analysis error (broad composite),Agent analysis,scientific-method-error;route-divergence;benchmark-answer-retrieval;insufficient-verification,True,False,True,2,4,sporadic (1-2 rejected per set),individual_error_analysis.md,census: task with at least one run deviating from the reconstructed key in any archived configuration
CompBioBench,contaminated-rna-q1,C4,Galaxy platform/wrapper/server,Galaxy platform or wrapper,galaxy-platform-defect;run-truncated-or-timeout;insufficient-verification;scientific-method-error,True,False,True,2,4,sporadic (1-2 rejected per set),individual_error_analysis.md,census: task with at least one run deviating from the reconstructed key in any archived configuration
CompBioBench,perturb-seq-effect-q1,C5,Agent analysis error (broad composite),Agent analysis,statistical-error;insufficient-verification,True,False,True,2,4,sporadic (1-2 rejected per set),individual_error_analysis.md,census: task with at least one run deviating from the reconstructed key in any archived configuration
CompBioBench,reverse-search-gwas-q2,C5,Agent analysis error (broad composite),Agent analysis,insufficient-verification;domain-knowledge-error,True,True,True,2,4,sporadic (1-2 rejected per set),individual_error_analysis.md,census: task with at least one run deviating from the reconstructed key in any archived configuration
CompBioBench,1000G-retrieve-genotype-q1,C1,Equivalent answer representation,"Benchmark, reference or provenance",equivalent-answer;format-contract-error;benchmark-answer-retrieval,False,False,True,2,3,sporadic (1-2 rejected per set),individual_error_analysis.md,census: task with at least one run deviating from the reconstructed key in any archived configuration
CompBioBench,exogenous-mix-reads-q1,C5,Agent analysis error (broad composite),Agent analysis,statistical-error;insufficient-verification;galaxy-platform-defect;route-divergence,True,False,True,2,3,sporadic (1-2 rejected per set),individual_error_analysis.md,census: task with at least one run deviating from the reconstructed key in any archived configuration
CompBioBench,gene-fusion-q2,C5,Agent analysis error (broad composite),Agent analysis,scientific-method-error;insufficient-verification;galaxy-platform-defect,True,False,True,1,3,sporadic (1-2 rejected per set),individual_error_analysis.md,census: task with at least one run deviating from the reconstructed key in any archived configuration
CompBioBench,align-one-sequence-to-reference-q1,C1,Equivalent answer representation,"Benchmark, reference or provenance",format-contract-error;equivalent-answer;underspecified-task,False,False,True,2,2,sporadic (1-2 rejected per set),individual_error_analysis.md,census: task with at least one run deviating from the reconstructed key in any archived configuration
CompBioBench,borzoi-rnaseq-q1,C3,Reference depends on an unstated choice,"Benchmark, reference or provenance",underspecified-task;route-divergence;local-fallback-in-galaxy,False,False,True,1,2,sporadic (1-2 rejected per set),individual_error_analysis.md,census: task with at least one run deviating from the reconstructed key in any archived configuration
CompBioBench,cryptic-exon-q1,C5,Agent analysis error (broad composite),Agent analysis,scientific-method-error;insufficient-verification,True,False,True,2,2,sporadic (1-2 rejected per set),individual_error_analysis.md,census: task with at least one run deviating from the reconstructed key in any archived configuration
CompBioBench,genomic-state-q1,C5,Agent analysis error (broad composite),Agent analysis,route-divergence;source-version-drift;domain-knowledge-error;insufficient-verification,True,True,True,1,1,sporadic (1-2 rejected per set),individual_error_analysis.md,census: task with at least one run deviating from the reconstructed key in any archived configuration
CompBioBench,gwas-ancestry-q1,C5,Agent analysis error (broad composite),Agent analysis,insufficient-verification;statistical-error;run-truncated-or-timeout,True,False,True,1,2,sporadic (1-2 rejected per set),individual_error_analysis.md,census: task with at least one run deviating from the reconstructed key in any archived configuration
CompBioBench,hic-differential-loop-q1,C5,Agent analysis error (broad composite),Agent analysis,benchmark-answer-retrieval;insufficient-verification;local-fallback-in-galaxy;scientific-method-error,True,False,True,1,2,sporadic (1-2 rejected per set),individual_error_analysis.md,census: task with at least one run deviating from the reconstructed key in any archived configuration
CompBioBench,histone-chip-q1,C5,Agent analysis error (broad composite),Agent analysis,domain-knowledge-error;scientific-method-error;insufficient-verification;route-divergence;benchmark-answer-retrieval,True,True,True,2,2,sporadic (1-2 rejected per set),individual_error_analysis.md,census: task with at least one run deviating from the reconstructed key in any archived configuration
CompBioBench,saluki-setup-optimize-q1,C5,Agent analysis error (broad composite),Agent analysis,scientific-method-error;numerical-instability;local-fallback-in-galaxy;galaxy-platform-defect;benchmark-answer-retrieval;cross-run-output-reuse,False,False,True,1,2,sporadic (1-2 rejected per set),individual_error_analysis.md,census: task with at least one run deviating from the reconstructed key in any archived configuration
CompBioBench,bedtools-ops-q1,C5,Agent analysis error (broad composite),Agent analysis,wrapper-semantics;insufficient-verification,True,False,True,1,1,sporadic (1-2 rejected per set),individual_error_analysis.md,census: task with at least one run deviating from the reconstructed key in any archived configuration
CompBioBench,compute-gccontent-promoter-q1,C5,Agent analysis error (broad composite),Agent analysis,wrapper-semantics;scientific-method-error;insufficient-verification,True,False,True,1,1,sporadic (1-2 rejected per set),individual_error_analysis.md,census: task with at least one run deviating from the reconstructed key in any archived configuration
CompBioBench,deg-simple-q2,C5,Agent analysis error (broad composite),Agent analysis,statistical-error;scientific-method-error;wrapper-semantics;route-divergence;benchmark-answer-retrieval,False,False,True,1,1,sporadic (1-2 rejected per set),individual_error_analysis.md,census: task with at least one run deviating from the reconstructed key in any archived configuration
CompBioBench,enformer-basic-q1,C5,Agent analysis error (broad composite),Agent analysis,domain-knowledge-error;insufficient-verification;tool-version-difference,True,True,True,1,1,sporadic (1-2 rejected per set),individual_error_analysis.md,census: task with at least one run deviating from the reconstructed key in any archived configuration
CompBioBench,extract-rna-secondary-structure-q1,C1,Equivalent answer representation,"Benchmark, reference or provenance",format-contract-error;equivalent-answer;local-fallback-in-galaxy;galaxy-platform-defect,False,False,False,0,0,no primary rejection,individual_error_analysis.md,census: task with at least one run deviating from the reconstructed key in any archived configuration
CompBioBench,find-deletion-q1,C5,Agent analysis error (broad composite),Agent analysis,domain-knowledge-error;insufficient-verification,True,True,True,1,1,sporadic (1-2 rejected per set),individual_error_analysis.md,census: task with at least one run deviating from the reconstructed key in any archived configuration
CompBioBench,gene-pair-ordering-fraction-q1,C3,Reference depends on an unstated choice,"Benchmark, reference or provenance",underspecified-task;route-divergence;benchmark-answer-retrieval,False,False,True,1,1,sporadic (1-2 rejected per set),individual_error_analysis.md,census: task with at least one run deviating from the reconstructed key in any archived configuration
CompBioBench,gtf-5-utr-median-len-q1,C4,Galaxy platform/wrapper/server,Galaxy platform or wrapper,wrapper-semantics;route-divergence;insufficient-verification;galaxy-platform-defect,True,False,True,1,1,sporadic (1-2 rejected per set),individual_error_analysis.md,census: task with at least one run deviating from the reconstructed key in any archived configuration
CompBioBench,huggingface-entropy-q1,C5,Agent analysis error (broad composite),Agent analysis,scientific-method-error;insufficient-verification;local-fallback-in-galaxy,True,False,True,1,1,sporadic (1-2 rejected per set),individual_error_analysis.md,census: task with at least one run deviating from the reconstructed key in any archived configuration
CompBioBench,phase-chain-q1,C5,Agent analysis error (broad composite),Agent analysis,format-contract-error;route-divergence;benchmark-answer-retrieval,False,False,True,1,1,sporadic (1-2 rejected per set),individual_error_analysis.md,census: task with at least one run deviating from the reconstructed key in any archived configuration
CompBioBench,read-proportions-q1,C5,Agent analysis error (broad composite),Agent analysis,statistical-error;insufficient-verification,True,False,True,1,1,sporadic (1-2 rejected per set),individual_error_analysis.md,census: task with at least one run deviating from the reconstructed key in any archived configuration
CompBioBench,retina-score-snps-q1,C5,Agent analysis error (broad composite),Agent analysis,scientific-method-error;insufficient-verification;underspecified-task,True,False,True,1,1,sporadic (1-2 rejected per set),individual_error_analysis.md,census: task with at least one run deviating from the reconstructed key in any archived configuration
CompBioBench,sample-swap-atac-q1,C5,Agent analysis error (broad composite),Agent analysis,insufficient-verification;scientific-method-error;domain-knowledge-error,True,True,True,1,1,sporadic (1-2 rejected per set),individual_error_analysis.md,census: task with at least one run deviating from the reconstructed key in any archived configuration
CompBioBench,sample-swap-rna-q1,C5,Agent analysis error (broad composite),Agent analysis,domain-knowledge-error;scientific-method-error;insufficient-verification,True,True,True,1,1,sporadic (1-2 rejected per set),individual_error_analysis.md,census: task with at least one run deviating from the reconstructed key in any archived configuration
CompBioBench,spatial-sim-q2,C4,Galaxy platform/wrapper/server,Galaxy platform or wrapper,galaxy-platform-defect;route-divergence;wrapper-semantics;scientific-method-error;underspecified-task,False,False,True,1,1,sporadic (1-2 rejected per set),individual_error_analysis.md,census: task with at least one run deviating from the reconstructed key in any archived configuration
IWC,wf_005_amplicon_dada2_pe_denoising,C1,Equivalent answer representation,"Benchmark, reference or provenance",format-contract-error;insufficient-verification;underspecified-task;route-divergence;provenance-anomaly,True,False,False,,,IWC continuous endpoint,individual_error_analysis.md,"IWC workflow with a low-agreement run, or near-perfect agreement concealing a changed result"
IWC,wf_009_clinicalmp_peptide_verification,C3,Reference depends on an unstated choice,"Benchmark, reference or provenance",underspecified-task;benchmark-answer-retrieval;tool-version-difference;route-divergence;galaxy-platform-defect;scientific-method-error,False,False,False,,,IWC continuous endpoint,individual_error_analysis.md,"IWC workflow with a low-agreement run, or near-perfect agreement concealing a changed result"
IWC,wf_003_host_contamination_removal,C2,Scoring/evaluator artifact,"Benchmark, reference or provenance",evaluator-false-negative;route-divergence;unregistered-route,False,False,False,,,IWC continuous endpoint,individual_error_analysis.md,"IWC workflow with a low-agreement run, or near-perfect agreement concealing a changed result"
IWC,wf_007_vgp_mitogenome_assembly,C5,Agent analysis error (broad composite),Agent analysis,domain-knowledge-error;insufficient-verification;equivalent-answer;underspecified-task;benchmark-answer-retrieval,True,True,False,,,IWC continuous endpoint,individual_error_analysis.md,"IWC workflow with a low-agreement run, or near-perfect agreement concealing a changed result"
IWC,wf_010_pseudobulk_scrna_de,C5,Agent analysis error (broad composite),Agent analysis,statistical-error;format-contract-error;scientific-method-error;local-fallback-in-galaxy,False,False,False,,,IWC continuous endpoint,individual_error_analysis.md,"IWC workflow with a low-agreement run, or near-perfect agreement concealing a changed result"
IWC,wf_006_atacseq_chromatin_accessibility,C2,Scoring/evaluator artifact,"Benchmark, reference or provenance",reference-questionable;evaluator-false-negative;route-divergence;underspecified-task,False,False,False,,,IWC continuous endpoint,individual_error_analysis.md,"IWC workflow with a low-agreement run, or near-perfect agreement concealing a changed result"
IWC,wf_002_rnaseq_de_visualization,C7,Score conceals changed scientific conclusion,Other,tool-version-difference;route-divergence;unregistered-route;underspecified-task,False,False,False,,,IWC continuous endpoint,individual_error_analysis.md,"IWC workflow with a low-agreement run, or near-perfect agreement concealing a changed result"
