population,benchmark,operation,calls,failed_calls,failed_percent,returned_ok,returned_ok_percent,returned_characters,character_share_percent,call_share_percent
all_archived_configurations,BixBench50,inspect_archive_inventory,879,195,22.18430034129693,0,0.0,402897,0.7040462621077331,5.045344966134772
all_archived_configurations,BixBench50,inspect_galaxy_history,2352,4,0.17006802721088435,0,0.0,2828908,4.943402664320318,13.50017219607393
all_archived_configurations,BixBench50,inspect_galaxy_tool,3755,750,19.973368841544605,2995,79.76031957390146,26523998,46.34961701887328,21.55320858684422
all_archived_configurations,BixBench50,run_galaxy_tool_and_wait,5215,681,13.058485139022052,2700,51.77372962607863,10945259,19.126398773758616,29.93341751808059
all_archived_configurations,BixBench50,run_galaxy_udt_and_wait,620,269,43.38709677419355,351,56.612903225806456,1842035,3.2188818889731574,3.5587188612099645
all_archived_configurations,BixBench50,search_galaxy_tools,4326,2,0.04623208506703652,4324,99.95376791493297,13533616,23.649448264944663,24.830673860635976
all_archived_configurations,BixBench50,wait_for_galaxy_jobs,275,74,26.90909090909091,201,73.0909090909091,1149214,2.0082051270222325,1.5784640110205488
all_archived_configurations,CompBio,inspect_archive_inventory,240,96,40.0,0,0.0,83830,0.0292017579799682,0.49863913070578214
all_archived_configurations,CompBio,inspect_galaxy_history,1925,25,1.2987012987012987,0,0.0,1630001,0.5678026328176804,3.9995013608692944
all_archived_configurations,CompBio,inspect_galaxy_tool,9138,885,9.684832567301378,8253,90.31516743269862,87524456,30.48870310676817,18.985684901622655
all_archived_configurations,CompBio,peek_galaxy_dataset,4930,47,0.9533468559837728,4525,91.78498985801217,13042358,4.543239673196971,10.242878809914608
all_archived_configurations,CompBio,run_galaxy_tool_and_wait,11598,1765,15.218141058803242,7210,62.16589067080531,93399773,32.53534017094081,24.096735991356923
all_archived_configurations,CompBio,run_galaxy_udt_and_wait,4480,2253,50.29017857142857,2218,49.50892857142858,50137047,17.464987621666356,9.307930439841266
all_archived_configurations,CompBio,search_galaxy_tools,11813,1,0.008465250148141878,11812,99.99153474985187,37216788,12.96428051971591,24.54343354594752
all_archived_configurations,CompBio,stage_workspace_file,2304,167,7.248263888888889,2137,92.75173611111111,1990571,0.6934053749724833,4.786935654775508
all_archived_configurations,CompBio,wait_for_galaxy_jobs,1703,354,20.786846741045213,1349,79.21315325895478,2046934,0.7130391419416465,3.5382601649664456
all_archived_configurations,IWC,inspect_archive_inventory,47,43,91.48936170212765,0,0.0,6829,0.017773583442276454,1.1892712550607287
all_archived_configurations,IWC,inspect_galaxy_history,304,2,0.6578947368421052,0,0.0,555308,1.4452794075506887,7.6923076923076925
all_archived_configurations,IWC,inspect_galaxy_tool,1094,65,5.941499085923217,1029,94.05850091407679,16183258,42.11956163873012,27.682186234817813
all_archived_configurations,IWC,run_galaxy_tool_and_wait,1168,264,22.602739726027394,551,47.17465753424658,17797268,46.320285231008434,29.554655870445345
all_archived_configurations,IWC,search_galaxy_tools,1019,2,0.19627085377821393,1017,99.80372914622178,3328075,8.661856599012186,25.784412955465587
all_archived_configurations,IWC,stage_workspace_file,146,1,0.684931506849315,145,99.31506849315068,127541,0.33194620088027255,3.694331983805668
all_archived_configurations,IWC,wait_for_galaxy_jobs,174,42,24.137931034482758,132,75.86206896551724,423911,1.103297339376022,4.402834008097166
all_archived_configurations,All benchmarks,inspect_archive_inventory,1166,334,28.644939965694682,0,0.0,493556,0.12896011737043966,1.6775771527228256
all_archived_configurations,All benchmarks,inspect_galaxy_history,4581,31,0.6767081423270028,0,0.0,5014217,1.3101532811694192,6.5908927415293865
all_archived_configurations,All benchmarks,inspect_galaxy_tool,13987,1700,12.15414313290913,12277,87.77436190748553,130231712,34.027945896460174,20.123732105603914
all_archived_configurations,All benchmarks,peek_galaxy_dataset,4930,47,0.9533468559837728,4525,91.78498985801217,13042358,3.407807864694772,7.093014891015035
all_archived_configurations,All benchmarks,run_galaxy_tool_and_wait,17981,2710,15.071464323452533,10461,58.17807685890662,122142300,31.91428195360902,25.87008128911589
all_archived_configurations,All benchmarks,run_galaxy_udt_and_wait,5100,2522,49.450980392156865,2569,50.372549019607845,51979082,13.58149534303647,7.337601611394864
all_archived_configurations,All benchmarks,search_galaxy_tools,17158,5,0.029140925515794384,17153,99.97085907448421,54078479,14.130041979136829,24.68599381339472
all_archived_configurations,All benchmarks,stage_workspace_file,2450,168,6.857142857142858,2282,93.14285714285714,2118112,0.5534366356071787,3.5249262642975325
all_archived_configurations,All benchmarks,wait_for_galaxy_jobs,2152,470,21.84014869888476,1682,78.15985130111525,3620059,0.9458769289156984,3.0961801309258328
four_primary_configurations,BixBench50,inspect_archive_inventory,527,42,7.969639468690702,0,0.0,304688,0.6101039638475837,3.7026628258273027
four_primary_configurations,BixBench50,inspect_galaxy_history,2028,3,0.14792899408284024,0,0.0,2438602,4.883030334134082,14.248577250052694
four_primary_configurations,BixBench50,inspect_galaxy_tool,3016,526,17.44031830238727,2490,82.55968169761273,22732902,45.52011769403016,21.190191807770674
four_primary_configurations,BixBench50,run_galaxy_tool_and_wait,4414,565,12.800181241504305,2319,52.5373810602628,10072563,20.169191475885196,31.0124358884283
four_primary_configurations,BixBench50,run_galaxy_udt_and_wait,480,189,39.375,291,60.62499999999999,1568689,3.1411259286355295,3.3724443195390994
four_primary_configurations,BixBench50,search_galaxy_tools,3634,2,0.0550357732526142,3632,99.94496422674739,11796828,23.62184110837369,25.532213869177266
four_primary_configurations,BixBench50,wait_for_galaxy_jobs,134,15,11.194029850746269,119,88.80597014925374,1026069,2.0545894950937558,0.9414740392046652
four_primary_configurations,CompBio,inspect_archive_inventory,240,96,40.0,0,0.0,83830,0.0292017579799682,0.49863913070578214
four_primary_configurations,CompBio,inspect_galaxy_history,1925,25,1.2987012987012987,0,0.0,1630001,0.5678026328176804,3.9995013608692944
four_primary_configurations,CompBio,inspect_galaxy_tool,9138,885,9.684832567301378,8253,90.31516743269862,87524456,30.48870310676817,18.985684901622655
four_primary_configurations,CompBio,peek_galaxy_dataset,4930,47,0.9533468559837728,4525,91.78498985801217,13042358,4.543239673196971,10.242878809914608
four_primary_configurations,CompBio,run_galaxy_tool_and_wait,11598,1765,15.218141058803242,7210,62.16589067080531,93399773,32.53534017094081,24.096735991356923
four_primary_configurations,CompBio,run_galaxy_udt_and_wait,4480,2253,50.29017857142857,2218,49.50892857142858,50137047,17.464987621666356,9.307930439841266
four_primary_configurations,CompBio,search_galaxy_tools,11813,1,0.008465250148141878,11812,99.99153474985187,37216788,12.96428051971591,24.54343354594752
four_primary_configurations,CompBio,stage_workspace_file,2304,167,7.248263888888889,2137,92.75173611111111,1990571,0.6934053749724833,4.786935654775508
four_primary_configurations,CompBio,wait_for_galaxy_jobs,1703,354,20.786846741045213,1349,79.21315325895478,2046934,0.7130391419416465,3.5382601649664456
four_primary_configurations,IWC,inspect_archive_inventory,47,43,91.48936170212765,0,0.0,6829,0.017773583442276454,1.1892712550607287
four_primary_configurations,IWC,inspect_galaxy_history,304,2,0.6578947368421052,0,0.0,555308,1.4452794075506887,7.6923076923076925
four_primary_configurations,IWC,inspect_galaxy_tool,1094,65,5.941499085923217,1029,94.05850091407679,16183258,42.11956163873012,27.682186234817813
four_primary_configurations,IWC,run_galaxy_tool_and_wait,1168,264,22.602739726027394,551,47.17465753424658,17797268,46.320285231008434,29.554655870445345
four_primary_configurations,IWC,search_galaxy_tools,1019,2,0.19627085377821393,1017,99.80372914622178,3328075,8.661856599012186,25.784412955465587
four_primary_configurations,IWC,stage_workspace_file,146,1,0.684931506849315,145,99.31506849315068,127541,0.33194620088027255,3.694331983805668
four_primary_configurations,IWC,wait_for_galaxy_jobs,174,42,24.137931034482758,132,75.86206896551724,423911,1.103297339376022,4.402834008097166
four_primary_configurations,All benchmarks,inspect_archive_inventory,814,181,22.235872235872236,0,0.0,395347,0.10530391378289904,1.2274564207732674
four_primary_configurations,All benchmarks,inspect_galaxy_history,4257,30,0.7047216349541932,0,0.0,4623911,1.231616593230247,6.419265335665601
four_primary_configurations,All benchmarks,inspect_galaxy_tool,13248,1476,11.141304347826086,11772,88.8586956521739,126440616,33.678494400920314,19.977079437843056
four_primary_configurations,All benchmarks,peek_galaxy_dataset,4930,47,0.9533468559837728,4525,91.78498985801217,13042358,3.473938950738727,7.4341033837987816
four_primary_configurations,All benchmarks,run_galaxy_tool_and_wait,17180,2594,15.09895227008149,10080,58.67287543655413,121269604,32.301152972204946,25.90626696423186
four_primary_configurations,All benchmarks,run_galaxy_udt_and_wait,4960,2442,49.233870967741936,2509,50.58467741935484,51705736,13.772246572821695,7.479341335424332
four_primary_configurations,All benchmarks,search_galaxy_tools,16466,5,0.030365601846228593,16461,99.96963439815377,52341691,13.941638399469687,24.82960371554376
four_primary_configurations,All benchmarks,stage_workspace_file,2450,168,6.857142857142858,2282,93.14285714285714,2118112,0.5641764916150214,3.6944327160866157
four_primary_configurations,All benchmarks,wait_for_galaxy_jobs,2011,411,20.437593237195426,1600,79.56240676280457,3496914,0.931431705216462,3.032450690632728
