population,benchmark,failure_stage,failure_class,a1_subclass,calls
all_archived_configurations,BixBench50,Request rejected before a job ran,A1 tool-schema needs history context,history given but unusable,201
all_archived_configurations,BixBench50,Request rejected before a job ran,A1 tool-schema needs history context,no history given,503
all_archived_configurations,BixBench50,Request rejected before a job ran,A2 tool ID not found / guessed,,53
all_archived_configurations,BixBench50,Request rejected before a job ran,A3 nested-parameter key structure,,84
all_archived_configurations,BixBench50,Request rejected before a job ran,A4 parameter value / datatype validation,,186
all_archived_configurations,BixBench50,Request rejected before a job ran,A5 ID handling (wrong/foreign/truncated IDs),,114
all_archived_configurations,BixBench50,Request rejected before a job ran,A6 UDT representation schema,,13
all_archived_configurations,BixBench50,Request rejected before a job ran,A7 upload / datatype registry,,3
all_archived_configurations,BixBench50,Request rejected before a job ran,A8 server / transport / rate-limit,,37
all_archived_configurations,BixBench50,Job failed during execution,B1 UDT container missing dependency,,21
all_archived_configurations,BixBench50,Job failed during execution,B2 job error with no diagnostic,,252
all_archived_configurations,BixBench50,Job failed during execution,B3 tool runtime error (stderr),,411
all_archived_configurations,BixBench50,Job failed during execution,B4 input format / compression / index,,19
all_archived_configurations,BixBench50,Other exception,X additional transport or tool exceptions (previously uncounted),,75
all_archived_configurations,BixBench50,Other exception,Z unclassified,,3
all_archived_configurations,CompBio,Request rejected before a job ran,A1 tool-schema needs history context,history given but unusable,7
all_archived_configurations,CompBio,Request rejected before a job ran,A1 tool-schema needs history context,no history given,581
all_archived_configurations,CompBio,Request rejected before a job ran,A2 tool ID not found / guessed,,347
all_archived_configurations,CompBio,Request rejected before a job ran,A3 nested-parameter key structure,,122
all_archived_configurations,CompBio,Request rejected before a job ran,A4 parameter value / datatype validation,,567
all_archived_configurations,CompBio,Request rejected before a job ran,A5 ID handling (wrong/foreign/truncated IDs),,142
all_archived_configurations,CompBio,Request rejected before a job ran,A6 UDT representation schema,,124
all_archived_configurations,CompBio,Request rejected before a job ran,A7 upload / datatype registry,,91
all_archived_configurations,CompBio,Request rejected before a job ran,A8 server / transport / rate-limit,,118
all_archived_configurations,CompBio,Job failed during execution,B1 UDT container missing dependency,,58
all_archived_configurations,CompBio,Job failed during execution,B2 job error with no diagnostic,,1503
all_archived_configurations,CompBio,Job failed during execution,B3 tool runtime error (stderr),,1034
all_archived_configurations,CompBio,Job failed during execution,B4 input format / compression / index,,178
all_archived_configurations,CompBio,Job failed during execution,B5 memory / resource,,18
all_archived_configurations,CompBio,Other exception,X additional transport or tool exceptions (previously uncounted),,481
all_archived_configurations,CompBio,Other exception,Z unclassified,,222
all_archived_configurations,IWC,Request rejected before a job ran,A1 tool-schema needs history context,no history given,48
all_archived_configurations,IWC,Request rejected before a job ran,A2 tool ID not found / guessed,,21
all_archived_configurations,IWC,Request rejected before a job ran,A3 nested-parameter key structure,,14
all_archived_configurations,IWC,Request rejected before a job ran,A4 parameter value / datatype validation,,52
all_archived_configurations,IWC,Request rejected before a job ran,A5 ID handling (wrong/foreign/truncated IDs),,13
all_archived_configurations,IWC,Request rejected before a job ran,A8 server / transport / rate-limit,,13
all_archived_configurations,IWC,Job failed during execution,B2 job error with no diagnostic,,74
all_archived_configurations,IWC,Job failed during execution,B3 tool runtime error (stderr),,86
all_archived_configurations,IWC,Job failed during execution,B4 input format / compression / index,,18
all_archived_configurations,IWC,Job failed during execution,B5 memory / resource,,3
all_archived_configurations,IWC,Other exception,X additional transport or tool exceptions (previously uncounted),,48
all_archived_configurations,IWC,Other exception,Z unclassified,,29
four_primary_configurations,BixBench50,Request rejected before a job ran,A1 tool-schema needs history context,history given but unusable,140
four_primary_configurations,BixBench50,Request rejected before a job ran,A1 tool-schema needs history context,no history given,343
four_primary_configurations,BixBench50,Request rejected before a job ran,A2 tool ID not found / guessed,,49
four_primary_configurations,BixBench50,Request rejected before a job ran,A3 nested-parameter key structure,,79
four_primary_configurations,BixBench50,Request rejected before a job ran,A4 parameter value / datatype validation,,150
four_primary_configurations,BixBench50,Request rejected before a job ran,A5 ID handling (wrong/foreign/truncated IDs),,98
four_primary_configurations,BixBench50,Request rejected before a job ran,A6 UDT representation schema,,9
four_primary_configurations,BixBench50,Request rejected before a job ran,A7 upload / datatype registry,,3
four_primary_configurations,BixBench50,Request rejected before a job ran,A8 server / transport / rate-limit,,24
four_primary_configurations,BixBench50,Job failed during execution,B1 UDT container missing dependency,,12
four_primary_configurations,BixBench50,Job failed during execution,B2 job error with no diagnostic,,24
four_primary_configurations,BixBench50,Job failed during execution,B3 tool runtime error (stderr),,317
four_primary_configurations,BixBench50,Job failed during execution,B4 input format / compression / index,,16
four_primary_configurations,BixBench50,Other exception,X additional transport or tool exceptions (previously uncounted),,75
four_primary_configurations,BixBench50,Other exception,Z unclassified,,3
four_primary_configurations,CompBio,Request rejected before a job ran,A1 tool-schema needs history context,history given but unusable,7
four_primary_configurations,CompBio,Request rejected before a job ran,A1 tool-schema needs history context,no history given,581
four_primary_configurations,CompBio,Request rejected before a job ran,A2 tool ID not found / guessed,,347
four_primary_configurations,CompBio,Request rejected before a job ran,A3 nested-parameter key structure,,122
four_primary_configurations,CompBio,Request rejected before a job ran,A4 parameter value / datatype validation,,567
four_primary_configurations,CompBio,Request rejected before a job ran,A5 ID handling (wrong/foreign/truncated IDs),,142
four_primary_configurations,CompBio,Request rejected before a job ran,A6 UDT representation schema,,124
four_primary_configurations,CompBio,Request rejected before a job ran,A7 upload / datatype registry,,91
four_primary_configurations,CompBio,Request rejected before a job ran,A8 server / transport / rate-limit,,118
four_primary_configurations,CompBio,Job failed during execution,B1 UDT container missing dependency,,58
four_primary_configurations,CompBio,Job failed during execution,B2 job error with no diagnostic,,1503
four_primary_configurations,CompBio,Job failed during execution,B3 tool runtime error (stderr),,1034
four_primary_configurations,CompBio,Job failed during execution,B4 input format / compression / index,,178
four_primary_configurations,CompBio,Job failed during execution,B5 memory / resource,,18
four_primary_configurations,CompBio,Other exception,X additional transport or tool exceptions (previously uncounted),,481
four_primary_configurations,CompBio,Other exception,Z unclassified,,222
four_primary_configurations,IWC,Request rejected before a job ran,A1 tool-schema needs history context,no history given,48
four_primary_configurations,IWC,Request rejected before a job ran,A2 tool ID not found / guessed,,21
four_primary_configurations,IWC,Request rejected before a job ran,A3 nested-parameter key structure,,14
four_primary_configurations,IWC,Request rejected before a job ran,A4 parameter value / datatype validation,,52
four_primary_configurations,IWC,Request rejected before a job ran,A5 ID handling (wrong/foreign/truncated IDs),,13
four_primary_configurations,IWC,Request rejected before a job ran,A8 server / transport / rate-limit,,13
four_primary_configurations,IWC,Job failed during execution,B2 job error with no diagnostic,,74
four_primary_configurations,IWC,Job failed during execution,B3 tool runtime error (stderr),,86
four_primary_configurations,IWC,Job failed during execution,B4 input format / compression / index,,18
four_primary_configurations,IWC,Job failed during execution,B5 memory / resource,,3
four_primary_configurations,IWC,Other exception,X additional transport or tool exceptions (previously uncounted),,48
four_primary_configurations,IWC,Other exception,Z unclassified,,29
