task,env,primary_endpoint_task,runs,mean_input_tokens,median_input_tokens,max_input_tokens,total_input_tokens
wf_001_short_read_qc_trim,galaxy,True,12,4311514.666666667,2759239.0,11886252.0,51738176.0
wf_001_short_read_qc_trim,open_ended_code,True,12,723562.25,581408.0,1950201.0,8682747.0
wf_002_rnaseq_de_visualization,galaxy,True,12,5207697.166666667,4261522.5,11285548.0,62492366.0
wf_002_rnaseq_de_visualization,open_ended_code,True,12,1123987.8333333333,665043.5,3758273.0,13487854.0
wf_003_host_contamination_removal,galaxy,False,12,4972445.666666667,4871860.0,9844330.0,59669348.0
wf_003_host_contamination_removal,open_ended_code,False,12,6516598.75,1988423.5,48699822.0,78199185.0
wf_005_amplicon_dada2_pe_denoising,galaxy,True,12,11463204.083333334,11391671.0,25141941.0,137558449.0
wf_005_amplicon_dada2_pe_denoising,open_ended_code,True,12,3222877.5833333335,2894245.5,6194510.0,38674531.0
wf_006_atacseq_chromatin_accessibility,galaxy,True,12,7933253.5,7171130.0,14664920.0,95199042.0
wf_006_atacseq_chromatin_accessibility,open_ended_code,True,12,30253324.083333332,28244973.0,67050893.0,363039889.0
wf_007_vgp_mitogenome_assembly,galaxy,True,12,5674973.5,4351898.0,16115780.0,68099682.0
wf_007_vgp_mitogenome_assembly,open_ended_code,True,12,13417755.75,10501640.0,32566952.0,161013069.0
wf_008_amr_gene_detection,galaxy,True,12,1585890.1666666667,1288194.5,4988224.0,19030682.0
wf_008_amr_gene_detection,open_ended_code,True,12,2273715.0833333335,1650531.5,9873772.0,27284581.0
wf_009_clinicalmp_peptide_verification,galaxy,True,12,10261927.0,7214719.5,27126586.0,123143124.0
wf_009_clinicalmp_peptide_verification,open_ended_code,True,12,16103658.75,12617740.0,44810494.0,193243905.0
wf_010_pseudobulk_scrna_de,galaxy,True,12,13522647.333333334,13826227.5,35977616.0,162271768.0
wf_010_pseudobulk_scrna_de,open_ended_code,True,12,1293819.3333333333,1041238.5,3669090.0,15525832.0
wf_011_bioproject_metadata_sequence_retrieval,galaxy,True,12,3048289.0833333335,2562452.0,7445642.0,36579469.0
wf_011_bioproject_metadata_sequence_retrieval,open_ended_code,True,12,1705854.1666666667,1072877.5,4619923.0,20470250.0
