benchmark,measure,count,denominator,unit,percent
BixBench50,Inspected tools never run in the same run,876.0,1942,distinct tool inspected within a traced Galaxy run,45.1081359423275
BixBench50,Median tool searches per run,4.0,600,traced Galaxy run,
CompBio,Inspected tools never run in the same run,3100.0,6552,distinct tool inspected within a traced Galaxy run,47.313797313797316
CompBio,Median tool searches per run,6.0,1188,traced Galaxy run,
IWC,Inspected tools never run in the same run,418.0,788,distinct tool inspected within a traced Galaxy run,53.045685279187815
IWC,Median tool searches per run,7.0,120,traced Galaxy run,
BixBench50,Runs with probe or preflight-named calls,15.0,600,traced Galaxy run,2.5
CompBio,Runs with probe or preflight-named calls,517.0,1188,traced Galaxy run,43.51851851851852
All benchmarks,UDT job failures before execution without diagnostic text,1298.0,2008,failed UDT job,64.64143426294821
All benchmarks,Identical resubmission after a failed job without diagnostic text,784.0,1567,next call after a failed job without diagnostic text,50.031908104658584
All benchmarks,Identical resubmissions that failed again,615.0,784,identical resubmission,78.4438775510204
