benchmark,task,random_20pct,galaxy_attributed,inclusion_probability,selected
CompBio,1000G-retrieve-genotype-q1,False,False,0.20430107526881722,False
CompBio,afgr-1000g-intersect-atac-q1,True,False,0.20430107526881722,True
CompBio,align-one-sequence-to-reference-q1,False,False,0.20430107526881722,False
CompBio,annotate-variant-regulatory-overlap-q1,False,False,0.20430107526881722,False
CompBio,atac-doublet-q1,False,False,0.20430107526881722,False
CompBio,atac-tn5-shift-q1,False,True,1.0,True
CompBio,bedtools-ops-q1,False,False,0.20430107526881722,False
BixBench50,bix-12-q2,False,False,0.20430107526881722,False
BixBench50,bix-12-q4,False,False,0.20430107526881722,False
BixBench50,bix-12-q5,False,False,0.20430107526881722,False
BixBench50,bix-12-q6,False,False,0.20430107526881722,False
BixBench50,bix-14-q1,True,False,0.20430107526881722,True
BixBench50,bix-16-q1,False,False,0.20430107526881722,False
BixBench50,bix-16-q3,False,False,0.20430107526881722,False
BixBench50,bix-16-q4,False,False,0.20430107526881722,False
BixBench50,bix-22-q1,False,False,0.20430107526881722,False
BixBench50,bix-24-q2,False,False,0.20430107526881722,False
BixBench50,bix-26-q5,False,False,0.20430107526881722,False
BixBench50,bix-27-q5,True,False,0.20430107526881722,True
BixBench50,bix-28-q3,False,True,1.0,True
BixBench50,bix-30-q3,True,False,0.20430107526881722,True
BixBench50,bix-31-q2,False,True,1.0,True
BixBench50,bix-32-q2,False,False,0.20430107526881722,False
BixBench50,bix-34-q5,False,False,0.20430107526881722,False
BixBench50,bix-35-q1,False,True,1.0,True
BixBench50,bix-35-q2,False,False,0.20430107526881722,False
BixBench50,bix-43-q2,False,False,0.20430107526881722,False
BixBench50,bix-43-q4,False,False,0.20430107526881722,False
BixBench50,bix-45-q1,False,False,0.20430107526881722,False
BixBench50,bix-46-q4,False,False,0.20430107526881722,False
BixBench50,bix-49-q4,False,False,0.20430107526881722,False
BixBench50,bix-51-q8,False,False,0.20430107526881722,False
BixBench50,bix-52-q2,False,False,0.20430107526881722,False
BixBench50,bix-52-q7,False,True,1.0,True
BixBench50,bix-53-q2,True,False,0.20430107526881722,True
BixBench50,bix-53-q5,False,False,0.20430107526881722,False
BixBench50,bix-54-q7,False,False,0.20430107526881722,False
BixBench50,bix-55-q1,False,False,0.20430107526881722,False
BixBench50,bix-61-q2,False,False,0.20430107526881722,False
BixBench50,bix-61-q5,False,False,0.20430107526881722,False
CompBio,borzoi-rnaseq-q1,True,False,0.20430107526881722,True
CompBio,characterize-response-q1,False,False,0.20430107526881722,False
CompBio,chip-pioneer-q1,False,False,0.20430107526881722,False
CompBio,compute-gccontent-promoter-q1,False,False,0.20430107526881722,False
CompBio,conservation-lookup-q1,False,False,0.20430107526881722,False
CompBio,contaminated-rna-q1,True,True,1.0,True
CompBio,contaminated-rna-q2,False,False,0.20430107526881722,False
CompBio,contaminated-rna-q3,True,True,1.0,True
CompBio,covid-patient-q1,False,False,0.20430107526881722,False
CompBio,cryptic-exon-q1,False,False,0.20430107526881722,False
CompBio,deg-simple-q2,False,False,0.20430107526881722,False
CompBio,encode-atac-pipeline-q1,True,True,1.0,True
CompBio,enformer-basic-q1,False,False,0.20430107526881722,False
CompBio,ep-interactions-q1,False,False,0.20430107526881722,False
CompBio,exogenous-mix-reads-q1,False,True,1.0,True
CompBio,exogenous-mix-reads-q2,False,False,0.20430107526881722,False
CompBio,extract-rna-secondary-structure-q1,False,True,1.0,True
CompBio,find-deletion-q1,True,False,0.20430107526881722,True
CompBio,finding-geo-q1,False,False,0.20430107526881722,False
CompBio,gene-fusion-q2,False,True,1.0,True
CompBio,gene-pair-ordering-fraction-q1,False,False,0.20430107526881722,False
CompBio,genome-coords-q1,True,False,0.20430107526881722,True
CompBio,genomic-state-q1,False,False,0.20430107526881722,False
CompBio,gtf-5-utr-median-len-q1,True,True,1.0,True
CompBio,gwas-ancestry-q1,False,False,0.20430107526881722,False
CompBio,hic-differential-loop-q1,False,False,0.20430107526881722,False
CompBio,histone-chip-q1,False,False,0.20430107526881722,False
CompBio,huggingface-entropy-q1,False,False,0.20430107526881722,False
CompBio,lung-cancer-sc-q1,False,False,0.20430107526881722,False
CompBio,ml-model-track-overlap-q1,True,False,0.20430107526881722,True
CompBio,odd-one-out-q1,False,False,0.20430107526881722,False
CompBio,overexpress-tf-q1,False,False,0.20430107526881722,False
CompBio,perturb-seq-effect-q1,False,False,0.20430107526881722,False
CompBio,phase-chain-q1,False,False,0.20430107526881722,False
CompBio,protein-shape-q1,False,False,0.20430107526881722,False
CompBio,read-proportions-q1,False,False,0.20430107526881722,False
CompBio,retina-score-snps-q1,False,False,0.20430107526881722,False
CompBio,reverse-search-gwas-q1,True,False,0.20430107526881722,True
CompBio,reverse-search-gwas-q2,True,False,0.20430107526881722,True
CompBio,saluki-setup-optimize-q1,False,True,1.0,True
CompBio,sample-swap-atac-q1,False,False,0.20430107526881722,False
CompBio,sample-swap-rna-q1,False,False,0.20430107526881722,False
CompBio,spatial-sim-q2,False,True,1.0,True
CompBio,three-way-barnyard-q2,True,False,0.20430107526881722,True
CompBio,tissue-fibroblast-q1,False,False,0.20430107526881722,False
CompBio,variant-status-q1,False,False,0.20430107526881722,False
IWC,wf_002_rnaseq_de_visualization,True,False,0.20430107526881722,True
IWC,wf_003_host_contamination_removal,True,False,0.20430107526881722,True
IWC,wf_005_amplicon_dada2_pe_denoising,False,False,0.20430107526881722,False
IWC,wf_006_atacseq_chromatin_accessibility,True,False,0.20430107526881722,True
IWC,wf_007_vgp_mitogenome_assembly,False,False,0.20430107526881722,False
IWC,wf_009_clinicalmp_peptide_verification,False,True,1.0,True
IWC,wf_010_pseudobulk_scrna_de,False,False,0.20430107526881722,False
