panel,group,measure,field,old,new
a,ok=0,changed_conclusion: no,value,23,22
a,ok=0,pct_runs_with: Any check,value,87.5,87.17948717948718
a,ok=0,pct_runs_with: Any check,ci95_low,73.8876,73.294
a,ok=0,pct_runs_with: Any check,ci95_high,94.5406,94.3973
a,ok=0,pct_runs_with: Any check,n,40.0,39.0
a,ok=0,pct_runs_with: Assumption check on inputs,value,72.5,71.7948717948718
a,ok=0,pct_runs_with: Assumption check on inputs,ci95_low,57.1647,56.2244
a,ok=0,pct_runs_with: Assumption check on inputs,ci95_high,83.8921,83.4567
a,ok=0,pct_runs_with: Assumption check on inputs,n,40.0,39.0
a,ok=0,pct_runs_with: Count or denominator,value,42.5,43.58974358974359
a,ok=0,pct_runs_with: Count or denominator,ci95_low,28.5092,29.3045
a,ok=0,pct_runs_with: Count or denominator,ci95_high,57.8052,59.0246
a,ok=0,pct_runs_with: Count or denominator,n,40.0,39.0
a,ok=0,pct_runs_with: Domain diagnostic,value,10.0,10.256410256410255
a,ok=0,pct_runs_with: Domain diagnostic,ci95_low,3.9579,4.0613
a,ok=0,pct_runs_with: Domain diagnostic,ci95_high,23.0521,23.5792
a,ok=0,pct_runs_with: Domain diagnostic,n,40.0,39.0
a,ok=0,pct_runs_with: Independent recomputation,value,25.0,25.64102564102564
a,ok=0,pct_runs_with: Independent recomputation,ci95_low,14.187,14.5686
a,ok=0,pct_runs_with: Independent recomputation,ci95_high,40.1943,41.082
a,ok=0,pct_runs_with: Independent recomputation,n,40.0,39.0
a,ok=0,pct_runs_with: Plausibility,value,12.5,12.82051282051282
a,ok=0,pct_runs_with: Plausibility,ci95_low,5.4594,5.6027
a,ok=0,pct_runs_with: Plausibility,ci95_high,26.1124,26.706
a,ok=0,pct_runs_with: Plausibility,n,40.0,39.0
a,ok=0,pct_runs_with: Sensitivity analysis,value,40.0,41.02564102564102
a,ok=0,pct_runs_with: Sensitivity analysis,ci95_low,26.3481,27.0791
a,ok=0,pct_runs_with: Sensitivity analysis,ci95_high,55.4044,56.5817
a,ok=0,pct_runs_with: Sensitivity analysis,n,40.0,39.0
a,ok=1,changed_conclusion: no,value,28,29
a,ok=1,pct_runs_with: Any check,value,87.5,87.8048780487805
a,ok=1,pct_runs_with: Any check,ci95_low,73.8876,74.4555
a,ok=1,pct_runs_with: Any check,ci95_high,94.5406,94.6767
a,ok=1,pct_runs_with: Any check,n,40.0,41.0
a,ok=1,pct_runs_with: Assumption check on inputs,value,57.49999999999999,58.536585365853654
a,ok=1,pct_runs_with: Assumption check on inputs,ci95_low,42.1948,43.3668
a,ok=1,pct_runs_with: Assumption check on inputs,ci95_high,71.4908,72.2437
a,ok=1,pct_runs_with: Assumption check on inputs,n,40.0,41.0
a,ok=1,pct_runs_with: Count or denominator,value,62.5,60.97560975609756
a,ok=1,pct_runs_with: Count or denominator,ci95_low,47.0322,45.7266
a,ok=1,pct_runs_with: Count or denominator,ci95_high,75.7772,74.3441
a,ok=1,pct_runs_with: Count or denominator,n,40.0,41.0
a,ok=1,pct_runs_with: Domain diagnostic,value,7.5,7.317073170731707
a,ok=1,pct_runs_with: Domain diagnostic,ci95_low,2.5836,2.5197
a,ok=1,pct_runs_with: Domain diagnostic,ci95_high,19.8645,19.4277
a,ok=1,pct_runs_with: Domain diagnostic,n,40.0,41.0
a,ok=1,pct_runs_with: Independent recomputation,value,42.5,41.46341463414634
a,ok=1,pct_runs_with: Independent recomputation,ci95_low,28.5092,27.7563
a,ok=1,pct_runs_with: Independent recomputation,ci95_high,57.8052,56.6332
a,ok=1,pct_runs_with: Independent recomputation,n,40.0,41.0
a,ok=1,pct_runs_with: Plausibility,value,22.5,21.951219512195124
a,ok=1,pct_runs_with: Plausibility,ci95_low,12.316,12.003
a,ok=1,pct_runs_with: Plausibility,ci95_high,37.5034,36.7053
a,ok=1,pct_runs_with: Plausibility,n,40.0,41.0
a,ok=1,pct_runs_with: Sensitivity analysis,value,47.5,46.34146341463415
a,ok=1,pct_runs_with: Sensitivity analysis,ci95_low,32.9352,32.056
a,ok=1,pct_runs_with: Sensitivity analysis,ci95_high,62.5029,61.2538
a,ok=1,pct_runs_with: Sensitivity analysis,n,40.0,41.0
b,Galaxy UDT jobs,pct_failed_steps_later_rerun_ok,ci95_low,46.6776,46.7077
b,Galaxy UDT jobs,pct_failed_steps_later_rerun_ok,ci95_high,64.1319,64.1389
b,Galaxy UDT jobs,pct_runs_correct_if_rerun,value,84.12698412698413,84.03361344537815
b,Galaxy installed-tool jobs,pct_failed_steps_later_rerun_ok,value,61.94100856327307,61.70411985018727
b,Galaxy installed-tool jobs,pct_failed_steps_later_rerun_ok,ci95_low,54.9902,54.731
b,Galaxy installed-tool jobs,pct_failed_steps_later_rerun_ok,ci95_high,68.3712,68.0141
b,Galaxy installed-tool jobs,pct_failed_steps_later_rerun_ok,n,1051.0,1068.0
b,Galaxy installed-tool jobs,pct_runs_correct_if_not,value,75.0,75.55012224938875
b,Galaxy installed-tool jobs,pct_runs_correct_if_rerun,value,80.64516129032258,82.24582701062215
b,shell (Galaxy runs),pct_failed_steps_later_rerun_ok,value,55.453501722158435,55.54298642533937
b,shell (Galaxy runs),pct_failed_steps_later_rerun_ok,ci95_low,50.0561,50.1843
b,shell (Galaxy runs),pct_failed_steps_later_rerun_ok,ci95_high,60.8414,60.7608
b,shell (Galaxy runs),pct_failed_steps_later_rerun_ok,n,871.0,884.0
b,shell (Galaxy runs),pct_runs_correct_if_not,value,70.87628865979381,71.2468193384224
b,shell (Galaxy runs),pct_runs_correct_if_rerun,value,74.32712215320912,74.949083503055
b,shell (custom code runs),pct_failed_steps_later_rerun_ok,value,53.9467749210645,53.660714285714285
b,shell (custom code runs),pct_failed_steps_later_rerun_ok,ci95_low,50.5235,50.123
b,shell (custom code runs),pct_failed_steps_later_rerun_ok,ci95_high,57.1773,56.8804
b,shell (custom code runs),pct_failed_steps_later_rerun_ok,n,2217.0,2240.0
b,shell (custom code runs),pct_runs_correct_if_not,value,76.00391772771793,77.36030828516378
b,shell (custom code runs),pct_runs_correct_if_rerun,value,70.73578595317726,71.21464226289518
